<?xml version = '1.0' encoding = 'UTF-8'?>
<Diagram class="oracle.dbtools.crest.swingui.relational.DPVRelational" name="보그코리아erd" id="FCD3B8BC-FE4B-6BA3-FCE2-277E50C32F55">
<createdBy>gyym9</createdBy>
<modifiedBy>gyym9</modifiedBy>
<createdTime>2020-09-25 01:00:49 UTC</createdTime>
<autoRoute>false</autoRoute>
<boxInbox>true</boxInbox>
<showLegend>false</showLegend>
<showLabels>false</showLabels>
<showRelAttributes>false</showRelAttributes>
<gridEnabled>false</gridEnabled>
<showGrid>false</showGrid>
<diagramColor>-1</diagramColor>
<display>false</display>
<notation>1</notation>
<objectViews>
<OView class="oracle.dbtools.crest.swingui.relational.TVTable" oid="3299F019-49DF-E572-B514-1DDAF9E4E1A7" otype="Table" vid="747C6E1B-3DCD-7224-E8C1-4B880EA4C55D">
<hideElementsInCurrentOnly>false</hideElementsInCurrentOnly>
<bounds x="574" y="281" width="221" height="168"/>
</OView>
<OView class="oracle.dbtools.crest.swingui.relational.TVTable" oid="662DA1D2-FAC5-68D7-DCCB-A30E132B73D6" otype="Table" vid="DFBCBB97-BA3C-6C9A-C70A-F9271BC909FB">
<hideElementsInCurrentOnly>false</hideElementsInCurrentOnly>
<bounds x="856" y="579" width="276" height="144"/>
</OView>
<OView class="oracle.dbtools.crest.swingui.relational.TVTable" oid="86D3F093-6D25-D1B6-2389-EE0C38001E87" otype="Table" vid="35A4928A-F5DC-3A09-48F9-9F9F8E2C1BCA">
<hideElementsInCurrentOnly>false</hideElementsInCurrentOnly>
<bounds x="28" y="237" width="228" height="204"/>
</OView>
<OView class="oracle.dbtools.crest.swingui.relational.TVTable" oid="8F5918BC-858C-23AC-47C2-2BDEFD5773AB" otype="Table" vid="EA95D4CF-77ED-2CE6-D64E-C331C107282E">
<hideElementsInCurrentOnly>false</hideElementsInCurrentOnly>
<bounds x="856" y="770" width="260" height="78"/>
</OView>
<OView class="oracle.dbtools.crest.swingui.relational.TVTable" oid="A946D11D-C62D-0B6E-C1A3-6B171A8A8EBE" otype="Table" vid="84D15F58-0947-CE68-DD94-0C4964806FEA">
<hideElementsInCurrentOnly>false</hideElementsInCurrentOnly>
<bounds x="450" y="668" width="250" height="249"/>
</OView>
<OView class="oracle.dbtools.crest.swingui.relational.TVTable" oid="C21A4630-71E9-98D1-55D4-215D1B8382B6" otype="Table" vid="8A2E2FC5-001F-20D5-4C8A-0805FB5B767E">
<hideElementsInCurrentOnly>false</hideElementsInCurrentOnly>
<bounds x="285" y="436" width="227" height="204"/>
</OView>
<OView class="oracle.dbtools.crest.swingui.relational.TVTable" oid="EE976658-04CF-24D7-BDC4-9D716ACAB046" otype="Table" vid="A6689099-A1F0-1D0E-5FDE-BB8676997377">
<hideElementsInCurrentOnly>false</hideElementsInCurrentOnly>
<bounds x="25" y="573" width="228" height="153"/>
</OView>
<OView class="oracle.dbtools.crest.swingui.relational.TVTable" oid="F4154AB1-D5F7-11C5-89A2-FF7A573D119A" otype="Table" vid="4E2D99D9-7B3A-2C26-FC86-7D43A9A10866">
<hideElementsInCurrentOnly>false</hideElementsInCurrentOnly>
<bounds x="854" y="400" width="225" height="138"/>
</OView>
</objectViews>
<connectors>
<Connector class="oracle.dbtools.crest.swingui.relational.TVFKRelation" oid="12ADA028-030A-4C5B-98F8-7EE983EDB47E" otype="FKIndexAssociation" vid_source="A6689099-A1F0-1D0E-5FDE-BB8676997377" vid_target="35A4928A-F5DC-3A09-48F9-9F9F8E2C1BCA">
<hideElementsInCurrentOnly>false</hideElementsInCurrentOnly>
<backgroundColor>-16777216</backgroundColor>
<lineWidth>1</lineWidth>
<points>
<point x="140" y="573"/>
<point x="140" y="441"/>
</points>
</Connector>
<Connector class="oracle.dbtools.crest.swingui.relational.TVFKRelation" oid="1D593753-E114-4926-65FD-2D950E1F12D4" otype="FKIndexAssociation" vid_source="8A2E2FC5-001F-20D5-4C8A-0805FB5B767E" vid_target="84D15F58-0947-CE68-DD94-0C4964806FEA">
<hideElementsInCurrentOnly>false</hideElementsInCurrentOnly>
<backgroundColor>-16777216</backgroundColor>
<lineWidth>1</lineWidth>
<points>
<point x="481" y="640"/>
<point x="481" y="668"/>
</points>
</Connector>
<Connector class="oracle.dbtools.crest.swingui.relational.TVFKRelation" oid="89675178-902A-853F-9D06-0EEA3D9805A6" otype="FKIndexAssociation" vid_source="747C6E1B-3DCD-7224-E8C1-4B880EA4C55D" vid_target="8A2E2FC5-001F-20D5-4C8A-0805FB5B767E">
<hideElementsInCurrentOnly>false</hideElementsInCurrentOnly>
<backgroundColor>-16777216</backgroundColor>
<lineWidth>1</lineWidth>
<points>
<point x="574" y="442"/>
<point x="512" y="442"/>
</points>
</Connector>
<Connector class="oracle.dbtools.crest.swingui.relational.TVFKRelation" oid="92B851C0-62E4-B7E4-B15C-A83E75743248" otype="FKIndexAssociation" vid_source="EA95D4CF-77ED-2CE6-D64E-C331C107282E" vid_target="DFBCBB97-BA3C-6C9A-C70A-F9271BC909FB">
<hideElementsInCurrentOnly>false</hideElementsInCurrentOnly>
<backgroundColor>-16777216</backgroundColor>
<lineWidth>1</lineWidth>
<points>
<point x="986" y="770"/>
<point x="986" y="723"/>
</points>
</Connector>
<Connector class="oracle.dbtools.crest.swingui.relational.TVFKRelation" oid="94D94458-4C3E-F509-A2BE-851E5A28B326" otype="FKIndexAssociation" vid_source="A6689099-A1F0-1D0E-5FDE-BB8676997377" vid_target="8A2E2FC5-001F-20D5-4C8A-0805FB5B767E">
<hideElementsInCurrentOnly>false</hideElementsInCurrentOnly>
<backgroundColor>-16777216</backgroundColor>
<lineWidth>1</lineWidth>
<points>
<point x="253" y="606"/>
<point x="285" y="606"/>
</points>
</Connector>
<Connector class="oracle.dbtools.crest.swingui.relational.TVFKRelation" oid="C67A1017-7B04-182B-46A7-F3C774A3418C" otype="FKIndexAssociation" vid_source="747C6E1B-3DCD-7224-E8C1-4B880EA4C55D" vid_target="35A4928A-F5DC-3A09-48F9-9F9F8E2C1BCA">
<hideElementsInCurrentOnly>false</hideElementsInCurrentOnly>
<backgroundColor>-16777216</backgroundColor>
<lineWidth>1</lineWidth>
<points>
<point x="574" y="361"/>
<point x="256" y="361"/>
</points>
</Connector>
<Connector class="oracle.dbtools.crest.swingui.relational.TVFKRelation" oid="F63F97FF-A4BF-BA68-F3D5-59B3B98F8F29" otype="FKIndexAssociation" vid_source="747C6E1B-3DCD-7224-E8C1-4B880EA4C55D" vid_target="84D15F58-0947-CE68-DD94-0C4964806FEA">
<hideElementsInCurrentOnly>false</hideElementsInCurrentOnly>
<backgroundColor>-16777216</backgroundColor>
<lineWidth>1</lineWidth>
<points>
<point x="637" y="449"/>
<point x="637" y="668"/>
</points>
</Connector>
</connectors>
</Diagram>