<?xml version = '1.0' encoding = 'UTF-8'?>
<relationalModel class="oracle.dbtools.crest.model.design.relational.RelationalDesign" name="보그코리아erd" id="81351247-3904-7F01-C71F-AAEADB509C21" mainViewID="FCD3B8BC-FE4B-6BA3-FCE2-277E50C32F55">
<createdBy>gyym9</createdBy>
<createdTime>2020-09-25 01:00:48 UTC</createdTime>
<ownerDesignName>erd</ownerDesignName>
<shouldBeOpen>false</shouldBeOpen>
<selectedRDBMSSite>32076570-2523-435C-2E92-BF29817DFF70</selectedRDBMSSite>
<importConnectionStamps>
<importConnectionStamp class="oracle.dbtools.crest.imports.DBConnectionStamp">
<connName>Voguekorea</connName>
<connUser>GD25TH06</connUser>
<connType>1</connType>
</importConnectionStamp>
</importConnectionStamps>
</relationalModel>