<?xml version = '1.0' encoding = 'UTF-8'?>
<Table class="oracle.dbtools.crest.model.design.relational.Table" directorySegmentName="seg_0" id="3299F019-49DF-E572-B514-1DDAF9E4E1A7" schemaObject="7BCA4B88-A8DF-086D-0DD1-0AEC15C1F656" name="MEMBER">
<sourceConnName>Voguekorea</sourceConnName>
<sourceObjSchema>GD25TH06</sourceObjSchema>
<sourceObjName>MEMBER</sourceObjName>
<createdBy>gyym9</createdBy>
<createdTime>2020-09-25 01:02:29 UTC</createdTime>
<ownerDesignName>erd</ownerDesignName>
<allowColumnReorder>false</allowColumnReorder>
<existDependencyGenerateInDDl>true</existDependencyGenerateInDDl>
<parsed>true</parsed>
<columns itemClass="oracle.dbtools.crest.model.design.relational.Column">
<Column name="ID" id="EBB73C06-A553-345F-F9CC-1F1B8B99741E">
<sourceConnName>Voguekorea</sourceConnName>
<sourceObjSchema>MEMBER</sourceObjSchema>
<sourceObjName>ID</sourceObjName>
<createdBy>gyym9</createdBy>
<createdTime>2020-09-25 01:02:29 UTC</createdTime>
<ownerDesignName>erd</ownerDesignName>
<useDomainConstraints>false</useDomainConstraints>
<use>1</use>
<logicalDatatype>LOGDT024</logicalDatatype>
<dataTypeSize>20 BYTE</dataTypeSize>
<ownDataTypeParameters>20 BYTE,,</ownDataTypeParameters>
<autoIncrementCycle>false</autoIncrementCycle>
</Column>
<Column name="PWD" id="FD47F1EE-DB54-50C6-4DB5-D06984C4512F">
<sourceConnName>Voguekorea</sourceConnName>
<sourceObjSchema>MEMBER</sourceObjSchema>
<sourceObjName>PWD</sourceObjName>
<createdBy>gyym9</createdBy>
<createdTime>2020-09-25 01:02:29 UTC</createdTime>
<ownerDesignName>erd</ownerDesignName>
<useDomainConstraints>false</useDomainConstraints>
<use>1</use>
<logicalDatatype>LOGDT024</logicalDatatype>
<dataTypeSize>20 BYTE</dataTypeSize>
<ownDataTypeParameters>20 BYTE,,</ownDataTypeParameters>
<autoIncrementCycle>false</autoIncrementCycle>
</Column>
<Column name="NAME" id="9083D2EC-6E1C-2646-206E-32B6CE738B33">
<sourceConnName>Voguekorea</sourceConnName>
<sourceObjSchema>MEMBER</sourceObjSchema>
<sourceObjName>NAME</sourceObjName>
<createdBy>gyym9</createdBy>
<createdTime>2020-09-25 01:02:29 UTC</createdTime>
<ownerDesignName>erd</ownerDesignName>
<useDomainConstraints>false</useDomainConstraints>
<use>1</use>
<logicalDatatype>LOGDT024</logicalDatatype>
<dataTypeSize>10 BYTE</dataTypeSize>
<ownDataTypeParameters>10 BYTE,,</ownDataTypeParameters>
<autoIncrementCycle>false</autoIncrementCycle>
</Column>
<Column name="EMAIL" id="B0369528-BDC2-17D3-EEE8-701294DAA7CF">
<sourceConnName>Voguekorea</sourceConnName>
<sourceObjSchema>MEMBER</sourceObjSchema>
<sourceObjName>EMAIL</sourceObjName>
<createdBy>gyym9</createdBy>
<createdTime>2020-09-25 01:02:29 UTC</createdTime>
<ownerDesignName>erd</ownerDesignName>
<nullsAllowed>true</nullsAllowed>
<useDomainConstraints>false</useDomainConstraints>
<use>1</use>
<logicalDatatype>LOGDT024</logicalDatatype>
<dataTypeSize>40 BYTE</dataTypeSize>
<ownDataTypeParameters>40 BYTE,,</ownDataTypeParameters>
<autoIncrementCycle>false</autoIncrementCycle>
</Column>
<Column name="PHONE" id="0EE10F4D-F0E8-CCBA-5402-A8B5AE6B118C">
<sourceConnName>Voguekorea</sourceConnName>
<sourceObjSchema>MEMBER</sourceObjSchema>
<sourceObjName>PHONE</sourceObjName>
<createdBy>gyym9</createdBy>
<createdTime>2020-09-25 01:02:29 UTC</createdTime>
<ownerDesignName>erd</ownerDesignName>
<nullsAllowed>true</nullsAllowed>
<useDomainConstraints>false</useDomainConstraints>
<use>1</use>
<logicalDatatype>LOGDT024</logicalDatatype>
<dataTypeSize>12 BYTE</dataTypeSize>
<ownDataTypeParameters>12 BYTE,,</ownDataTypeParameters>
<autoIncrementCycle>false</autoIncrementCycle>
</Column>
<Column name="ADDRESS" id="31DB6CD5-278D-7503-42C3-78BFC43FBDF8">
<sourceConnName>Voguekorea</sourceConnName>
<sourceObjSchema>MEMBER</sourceObjSchema>
<sourceObjName>ADDRESS</sourceObjName>
<createdBy>gyym9</createdBy>
<createdTime>2020-09-25 01:02:29 UTC</createdTime>
<ownerDesignName>erd</ownerDesignName>
<nullsAllowed>true</nullsAllowed>
<useDomainConstraints>false</useDomainConstraints>
<use>1</use>
<logicalDatatype>LOGDT024</logicalDatatype>
<dataTypeSize>100 BYTE</dataTypeSize>
<ownDataTypeParameters>100 BYTE,,</ownDataTypeParameters>
<autoIncrementCycle>false</autoIncrementCycle>
</Column>
<Column name="INDATE" id="9C0D8D7A-E941-16FB-F622-A51D48175650">
<sourceConnName>Voguekorea</sourceConnName>
<sourceObjSchema>MEMBER</sourceObjSchema>
<sourceObjName>INDATE</sourceObjName>
<createdBy>gyym9</createdBy>
<createdTime>2020-09-25 01:02:29 UTC</createdTime>
<ownerDesignName>erd</ownerDesignName>
<nullsAllowed>true</nullsAllowed>
<useDomainConstraints>false</useDomainConstraints>
<use>1</use>
<logicalDatatype>LOGDT007</logicalDatatype>
<dataTypeSize>7</dataTypeSize>
<defaultValue>SYSDATE</defaultValue>
<ownDataTypeParameters>7,,</ownDataTypeParameters>
<autoIncrementCycle>false</autoIncrementCycle>
</Column>
<Column name="USE" id="C413A558-FBCF-2CFC-05C0-8B7FFA38CC7D">
<sourceConnName>Voguekorea</sourceConnName>
<sourceObjSchema>MEMBER</sourceObjSchema>
<sourceObjName>USE</sourceObjName>
<createdBy>gyym9</createdBy>
<createdTime>2020-09-25 01:02:29 UTC</createdTime>
<ownerDesignName>erd</ownerDesignName>
<nullsAllowed>true</nullsAllowed>
<useDomainConstraints>false</useDomainConstraints>
<use>1</use>
<logicalDatatype>LOGDT025</logicalDatatype>
<dataTypeSize>1 BYTE</dataTypeSize>
<defaultValue>&apos;Y&apos;         --탈퇴</defaultValue>
<ownDataTypeParameters>1 BYTE,,</ownDataTypeParameters>
<autoIncrementCycle>false</autoIncrementCycle>
</Column>
</columns>
<indexes itemClass="oracle.dbtools.crest.model.design.relational.Index">
<ind_PK_UK id="2E2F6643-3D1F-7BF9-F087-A7E817EFE15C" schemaObject="7BCA4B88-A8DF-086D-0DD1-0AEC15C1F656" name="MEMBER_PK">
<sourceConnName>Voguekorea</sourceConnName>
<sourceObjSchema>GD25TH06</sourceObjSchema>
<sourceObjName>SYS_C007653</sourceObjName>
<createdBy>gyym9</createdBy>
<createdTime>2020-09-25 01:02:29 UTC</createdTime>
<ownerDesignName>erd</ownerDesignName>
<pk>true</pk>
<indexState>Primary Constraint</indexState>
<isSurrogateKey>false</isSurrogateKey>
<indexColumnUsage>
<colUsage columnID="EBB73C06-A553-345F-F9CC-1F1B8B99741E"/>
</indexColumnUsage>
</ind_PK_UK>
</indexes>
</Table>