<?xml version = '1.0' encoding = 'UTF-8'?>
<Table class="oracle.dbtools.crest.model.design.relational.Table" directorySegmentName="seg_0" id="662DA1D2-FAC5-68D7-DCCB-A30E132B73D6" schemaObject="7BCA4B88-A8DF-086D-0DD1-0AEC15C1F656" name="ARTICLE">
<sourceConnName>Voguekorea</sourceConnName>
<sourceObjSchema>GD25TH06</sourceObjSchema>
<sourceObjName>ARTICLE</sourceObjName>
<createdBy>gyym9</createdBy>
<createdTime>2020-09-25 01:02:14 UTC</createdTime>
<ownerDesignName>erd</ownerDesignName>
<allowColumnReorder>false</allowColumnReorder>
<existDependencyGenerateInDDl>true</existDependencyGenerateInDDl>
<parsed>true</parsed>
<columns itemClass="oracle.dbtools.crest.model.design.relational.Column">
<Column name="ASEQ" id="4956596D-A604-A1B0-954E-6E42DAC184A4">
<sourceConnName>Voguekorea</sourceConnName>
<sourceObjSchema>ARTICLE</sourceObjSchema>
<sourceObjName>ASEQ</sourceObjName>
<createdBy>gyym9</createdBy>
<createdTime>2020-09-25 01:02:14 UTC</createdTime>
<ownerDesignName>erd</ownerDesignName>
<useDomainConstraints>false</useDomainConstraints>
<use>1</use>
<logicalDatatype>LOGDT019</logicalDatatype>
<dataTypePrecision>5</dataTypePrecision>
<dataTypeScale>0</dataTypeScale>
<ownDataTypeParameters>,5,0</ownDataTypeParameters>
<autoIncrementCycle>false</autoIncrementCycle>
</Column>
<Column name="ARTICLE_TITLE" id="8E803A69-AAC6-5758-9E70-81CFAD089503">
<sourceConnName>Voguekorea</sourceConnName>
<sourceObjSchema>ARTICLE</sourceObjSchema>
<sourceObjName>ARTICLE_TITLE</sourceObjName>
<createdBy>gyym9</createdBy>
<createdTime>2020-09-25 01:02:14 UTC</createdTime>
<ownerDesignName>erd</ownerDesignName>
<useDomainConstraints>false</useDomainConstraints>
<use>1</use>
<logicalDatatype>LOGDT024</logicalDatatype>
<dataTypeSize>100 BYTE</dataTypeSize>
<ownDataTypeParameters>100 BYTE,,</ownDataTypeParameters>
<autoIncrementCycle>false</autoIncrementCycle>
</Column>
<Column name="CATEGORY_NO" id="FDF1AAE9-9189-6E42-48A8-829E1F4E77A7">
<sourceConnName>Voguekorea</sourceConnName>
<sourceObjSchema>ARTICLE</sourceObjSchema>
<sourceObjName>CATEGORY_NO</sourceObjName>
<createdBy>gyym9</createdBy>
<createdTime>2020-09-25 01:02:14 UTC</createdTime>
<ownerDesignName>erd</ownerDesignName>
<useDomainConstraints>false</useDomainConstraints>
<use>1</use>
<logicalDatatype>LOGDT019</logicalDatatype>
<dataTypePrecision>5</dataTypePrecision>
<dataTypeScale>0</dataTypeScale>
<ownDataTypeParameters>,5,0</ownDataTypeParameters>
<autoIncrementCycle>false</autoIncrementCycle>
<associations>
<colAssociation fkAssociation="92B851C0-62E4-B7E4-B15C-A83E75743248" referredColumn="A05C2D37-3D43-2A76-8D30-CBF0E54BD3F2"/>
</associations>
</Column>
<Column name="ARTICLE_IMAGE_PC" id="33D5E124-D0BE-C5BB-C875-CE469C149F41">
<sourceConnName>Voguekorea</sourceConnName>
<sourceObjSchema>ARTICLE</sourceObjSchema>
<sourceObjName>ARTICLE_IMAGE_PC</sourceObjName>
<createdBy>gyym9</createdBy>
<createdTime>2020-09-25 01:02:14 UTC</createdTime>
<ownerDesignName>erd</ownerDesignName>
<nullsAllowed>true</nullsAllowed>
<useDomainConstraints>false</useDomainConstraints>
<use>1</use>
<logicalDatatype>LOGDT024</logicalDatatype>
<dataTypeSize>100 BYTE</dataTypeSize>
<defaultValue>&apos;default.jpg&apos;</defaultValue>
<ownDataTypeParameters>100 BYTE,,</ownDataTypeParameters>
<autoIncrementCycle>false</autoIncrementCycle>
</Column>
<Column name="ARTICLE_IMAGE_M" id="C10FFAA6-EB54-D2C8-CEC4-474DEA8D745E">
<sourceConnName>Voguekorea</sourceConnName>
<sourceObjSchema>ARTICLE</sourceObjSchema>
<sourceObjName>ARTICLE_IMAGE_M</sourceObjName>
<createdBy>gyym9</createdBy>
<createdTime>2020-09-25 01:02:14 UTC</createdTime>
<ownerDesignName>erd</ownerDesignName>
<nullsAllowed>true</nullsAllowed>
<useDomainConstraints>false</useDomainConstraints>
<use>1</use>
<logicalDatatype>LOGDT024</logicalDatatype>
<dataTypeSize>100 BYTE</dataTypeSize>
<defaultValue>&apos;default.jpg&apos;</defaultValue>
<ownDataTypeParameters>100 BYTE,,</ownDataTypeParameters>
<autoIncrementCycle>false</autoIncrementCycle>
</Column>
</columns>
<indexes itemClass="oracle.dbtools.crest.model.design.relational.Index">
<ind_PK_UK id="B55325ED-DBBD-BAD8-5805-58F8A338B303" schemaObject="7BCA4B88-A8DF-086D-0DD1-0AEC15C1F656" name="ARTICLE_PK">
<sourceConnName>Voguekorea</sourceConnName>
<sourceObjSchema>GD25TH06</sourceObjSchema>
<sourceObjName>SYS_C007658</sourceObjName>
<createdBy>gyym9</createdBy>
<createdTime>2020-09-25 01:02:14 UTC</createdTime>
<ownerDesignName>erd</ownerDesignName>
<pk>true</pk>
<indexState>Primary Constraint</indexState>
<isSurrogateKey>false</isSurrogateKey>
<indexColumnUsage>
<colUsage columnID="4956596D-A604-A1B0-954E-6E42DAC184A4"/>
</indexColumnUsage>
</ind_PK_UK>
<ind_PK_UK id="BE0606D9-5402-F9B6-71F6-8F17534FEB23" name="ARTICLE_FK">
<createdBy>gyym9</createdBy>
<createdTime>2020-09-25 01:02:14 UTC</createdTime>
<ownerDesignName>erd</ownerDesignName>
<indexState>Foreign Key</indexState>
<isSurrogateKey>false</isSurrogateKey>
<indexColumnUsage>
<colUsage columnID="FDF1AAE9-9189-6E42-48A8-829E1F4E77A7"/>
</indexColumnUsage>
</ind_PK_UK>
</indexes>
</Table>