<?xml version = '1.0' encoding = 'UTF-8'?>
<Table class="oracle.dbtools.crest.model.design.relational.Table" directorySegmentName="seg_0" id="86D3F093-6D25-D1B6-2389-EE0C38001E87" schemaObject="7BCA4B88-A8DF-086D-0DD1-0AEC15C1F656" name="ADDCART">
<sourceConnName>Voguekorea</sourceConnName>
<sourceObjSchema>GD25TH06</sourceObjSchema>
<sourceObjName>ADDCART</sourceObjName>
<createdBy>gyym9</createdBy>
<createdTime>2020-09-25 01:01:00 UTC</createdTime>
<ownerDesignName>erd</ownerDesignName>
<allowColumnReorder>false</allowColumnReorder>
<existDependencyGenerateInDDl>true</existDependencyGenerateInDDl>
<parsed>true</parsed>
<columns itemClass="oracle.dbtools.crest.model.design.relational.Column">
<Column name="CSEQ" id="E49AAEEF-BE8F-1C0C-A310-21FADA10B7FD">
<sourceConnName>Voguekorea</sourceConnName>
<sourceObjSchema>ADDCART</sourceObjSchema>
<sourceObjName>CSEQ</sourceObjName>
<createdBy>gyym9</createdBy>
<createdTime>2020-09-25 01:01:00 UTC</createdTime>
<ownerDesignName>erd</ownerDesignName>
<useDomainConstraints>false</useDomainConstraints>
<use>1</use>
<logicalDatatype>LOGDT019</logicalDatatype>
<dataTypePrecision>5</dataTypePrecision>
<dataTypeScale>0</dataTypeScale>
<ownDataTypeParameters>,5,0</ownDataTypeParameters>
<autoIncrementCycle>false</autoIncrementCycle>
</Column>
<Column name="PSEQ" id="32A94C0A-6B8E-2169-D8F2-710D80EE79C9">
<sourceConnName>Voguekorea</sourceConnName>
<sourceObjSchema>ADDCART</sourceObjSchema>
<sourceObjName>PSEQ</sourceObjName>
<createdBy>gyym9</createdBy>
<createdTime>2020-09-25 01:01:00 UTC</createdTime>
<ownerDesignName>erd</ownerDesignName>
<useDomainConstraints>false</useDomainConstraints>
<use>1</use>
<logicalDatatype>LOGDT019</logicalDatatype>
<dataTypePrecision>5</dataTypePrecision>
<dataTypeScale>0</dataTypeScale>
<ownDataTypeParameters>,5,0</ownDataTypeParameters>
<autoIncrementCycle>false</autoIncrementCycle>
<associations>
<colAssociation fkAssociation="12ADA028-030A-4C5B-98F8-7EE983EDB47E" referredColumn="8DFF37FC-179D-0CB8-063E-F7E1355D923F"/>
</associations>
</Column>
<Column name="NAME" id="081DC7E2-D18A-3921-3386-CB4DEB666083">
<sourceConnName>Voguekorea</sourceConnName>
<sourceObjSchema>ADDCART</sourceObjSchema>
<sourceObjName>NAME</sourceObjName>
<createdBy>gyym9</createdBy>
<createdTime>2020-09-25 01:01:00 UTC</createdTime>
<ownerDesignName>erd</ownerDesignName>
<useDomainConstraints>false</useDomainConstraints>
<use>1</use>
<logicalDatatype>LOGDT024</logicalDatatype>
<dataTypeSize>20 BYTE</dataTypeSize>
<ownDataTypeParameters>20 BYTE,,</ownDataTypeParameters>
<autoIncrementCycle>false</autoIncrementCycle>
</Column>
<Column name="CONTENT" id="64989FE7-59CA-B05B-5379-FF4F691C84B0">
<sourceConnName>Voguekorea</sourceConnName>
<sourceObjSchema>ADDCART</sourceObjSchema>
<sourceObjName>CONTENT</sourceObjName>
<createdBy>gyym9</createdBy>
<createdTime>2020-09-25 01:01:00 UTC</createdTime>
<ownerDesignName>erd</ownerDesignName>
<useDomainConstraints>false</useDomainConstraints>
<use>1</use>
<logicalDatatype>LOGDT024</logicalDatatype>
<dataTypeSize>1000 BYTE</dataTypeSize>
<ownDataTypeParameters>1000 BYTE,,</ownDataTypeParameters>
<autoIncrementCycle>false</autoIncrementCycle>
</Column>
<Column name="COUNT" id="F245DF5F-BAC4-3F47-9AB4-59DA2A05EB1B">
<sourceConnName>Voguekorea</sourceConnName>
<sourceObjSchema>ADDCART</sourceObjSchema>
<sourceObjName>COUNT</sourceObjName>
<createdBy>gyym9</createdBy>
<createdTime>2020-09-25 01:01:00 UTC</createdTime>
<ownerDesignName>erd</ownerDesignName>
<useDomainConstraints>false</useDomainConstraints>
<use>1</use>
<logicalDatatype>LOGDT019</logicalDatatype>
<dataTypePrecision>5</dataTypePrecision>
<dataTypeScale>0</dataTypeScale>
<ownDataTypeParameters>,5,0</ownDataTypeParameters>
<autoIncrementCycle>false</autoIncrementCycle>
</Column>
<Column name="IMAGE" id="06CA5770-1959-E737-18B9-DD18EEC9EA1E">
<sourceConnName>Voguekorea</sourceConnName>
<sourceObjSchema>ADDCART</sourceObjSchema>
<sourceObjName>IMAGE</sourceObjName>
<createdBy>gyym9</createdBy>
<createdTime>2020-09-25 01:01:00 UTC</createdTime>
<ownerDesignName>erd</ownerDesignName>
<useDomainConstraints>false</useDomainConstraints>
<use>1</use>
<logicalDatatype>LOGDT024</logicalDatatype>
<dataTypeSize>1000 BYTE</dataTypeSize>
<ownDataTypeParameters>1000 BYTE,,</ownDataTypeParameters>
<autoIncrementCycle>false</autoIncrementCycle>
</Column>
<Column name="PRICE" id="888BA071-854C-D0D6-90F6-84DB99B086AA">
<sourceConnName>Voguekorea</sourceConnName>
<sourceObjSchema>ADDCART</sourceObjSchema>
<sourceObjName>PRICE</sourceObjName>
<createdBy>gyym9</createdBy>
<createdTime>2020-09-25 01:01:00 UTC</createdTime>
<ownerDesignName>erd</ownerDesignName>
<useDomainConstraints>false</useDomainConstraints>
<use>1</use>
<logicalDatatype>LOGDT019</logicalDatatype>
<dataTypePrecision>8</dataTypePrecision>
<dataTypeScale>0</dataTypeScale>
<ownDataTypeParameters>,8,0</ownDataTypeParameters>
<autoIncrementCycle>false</autoIncrementCycle>
</Column>
<Column name="ID" id="234EC1CE-E54D-2588-5262-130B3C0EBE63">
<sourceConnName>Voguekorea</sourceConnName>
<sourceObjSchema>ADDCART</sourceObjSchema>
<sourceObjName>ID</sourceObjName>
<createdBy>gyym9</createdBy>
<createdTime>2020-09-25 01:01:00 UTC</createdTime>
<ownerDesignName>erd</ownerDesignName>
<nullsAllowed>true</nullsAllowed>
<useDomainConstraints>false</useDomainConstraints>
<use>1</use>
<logicalDatatype>LOGDT024</logicalDatatype>
<dataTypeSize>20 BYTE</dataTypeSize>
<defaultValue>&apos;NULL&apos;</defaultValue>
<ownDataTypeParameters>20 BYTE,,</ownDataTypeParameters>
<autoIncrementCycle>false</autoIncrementCycle>
<associations>
<colAssociation fkAssociation="C67A1017-7B04-182B-46A7-F3C774A3418C" referredColumn="EBB73C06-A553-345F-F9CC-1F1B8B99741E"/>
</associations>
</Column>
</columns>
<indexes itemClass="oracle.dbtools.crest.model.design.relational.Index">
<ind_PK_UK id="76A95592-EEBA-3E4E-6D8E-2943EEE9CEAE" schemaObject="7BCA4B88-A8DF-086D-0DD1-0AEC15C1F656" name="ADDCART_PK">
<sourceConnName>Voguekorea</sourceConnName>
<sourceObjSchema>GD25TH06</sourceObjSchema>
<sourceObjName>SYS_C007668</sourceObjName>
<createdBy>gyym9</createdBy>
<createdTime>2020-09-25 01:01:00 UTC</createdTime>
<ownerDesignName>erd</ownerDesignName>
<pk>true</pk>
<indexState>Primary Constraint</indexState>
<isSurrogateKey>false</isSurrogateKey>
<indexColumnUsage>
<colUsage columnID="E49AAEEF-BE8F-1C0C-A310-21FADA10B7FD"/>
</indexColumnUsage>
</ind_PK_UK>
<ind_PK_UK id="112E562E-4FE7-67A5-44C5-DF47E5EEEFA5" name="ADDCART_FK_ID">
<createdBy>gyym9</createdBy>
<createdTime>2020-09-25 01:01:01 UTC</createdTime>
<ownerDesignName>erd</ownerDesignName>
<indexState>Foreign Key</indexState>
<isSurrogateKey>false</isSurrogateKey>
<indexColumnUsage>
<colUsage columnID="234EC1CE-E54D-2588-5262-130B3C0EBE63"/>
</indexColumnUsage>
</ind_PK_UK>
<ind_PK_UK id="2AF5CC24-A7E8-96D9-6988-591BC7028702" name="ADDCART_FK_PRODUCT">
<createdBy>gyym9</createdBy>
<createdTime>2020-09-25 01:01:01 UTC</createdTime>
<ownerDesignName>erd</ownerDesignName>
<indexState>Foreign Key</indexState>
<isSurrogateKey>false</isSurrogateKey>
<indexColumnUsage>
<colUsage columnID="32A94C0A-6B8E-2169-D8F2-710D80EE79C9"/>
</indexColumnUsage>
</ind_PK_UK>
</indexes>
</Table>