<?xml version = '1.0' encoding = 'UTF-8'?>
<Table class="oracle.dbtools.crest.model.design.relational.Table" directorySegmentName="seg_0" id="8F5918BC-858C-23AC-47C2-2BDEFD5773AB" schemaObject="7BCA4B88-A8DF-086D-0DD1-0AEC15C1F656" name="ARTICLE_CATEGORY">
<sourceConnName>Voguekorea</sourceConnName>
<sourceObjSchema>GD25TH06</sourceObjSchema>
<sourceObjName>ARTICLE_CATEGORY</sourceObjName>
<createdBy>gyym9</createdBy>
<createdTime>2020-09-25 01:02:21 UTC</createdTime>
<ownerDesignName>erd</ownerDesignName>
<allowColumnReorder>false</allowColumnReorder>
<existDependencyGenerateInDDl>true</existDependencyGenerateInDDl>
<parsed>true</parsed>
<columns itemClass="oracle.dbtools.crest.model.design.relational.Column">
<Column name="CATEGORY_NO" id="A05C2D37-3D43-2A76-8D30-CBF0E54BD3F2">
<sourceConnName>Voguekorea</sourceConnName>
<sourceObjSchema>ARTICLE_CATEGORY</sourceObjSchema>
<sourceObjName>CATEGORY_NO</sourceObjName>
<createdBy>gyym9</createdBy>
<createdTime>2020-09-25 01:02:21 UTC</createdTime>
<ownerDesignName>erd</ownerDesignName>
<useDomainConstraints>false</useDomainConstraints>
<use>1</use>
<logicalDatatype>LOGDT019</logicalDatatype>
<dataTypePrecision>5</dataTypePrecision>
<dataTypeScale>0</dataTypeScale>
<ownDataTypeParameters>,5,0</ownDataTypeParameters>
<autoIncrementCycle>false</autoIncrementCycle>
</Column>
<Column name="CATEGORY_NAME" id="A0F15D79-8F38-1CED-370B-8023501F5773">
<sourceConnName>Voguekorea</sourceConnName>
<sourceObjSchema>ARTICLE_CATEGORY</sourceObjSchema>
<sourceObjName>CATEGORY_NAME</sourceObjName>
<createdBy>gyym9</createdBy>
<createdTime>2020-09-25 01:02:21 UTC</createdTime>
<ownerDesignName>erd</ownerDesignName>
<useDomainConstraints>false</useDomainConstraints>
<use>1</use>
<logicalDatatype>LOGDT024</logicalDatatype>
<dataTypeSize>20 BYTE</dataTypeSize>
<ownDataTypeParameters>20 BYTE,,</ownDataTypeParameters>
<autoIncrementCycle>false</autoIncrementCycle>
</Column>
</columns>
<indexes itemClass="oracle.dbtools.crest.model.design.relational.Index">
<ind_PK_UK id="A54C6F24-6A1A-F751-3386-54C676C96192" schemaObject="7BCA4B88-A8DF-086D-0DD1-0AEC15C1F656" name="ARTICLE_CATEGORY_PK">
<sourceConnName>Voguekorea</sourceConnName>
<sourceObjSchema>GD25TH06</sourceObjSchema>
<sourceObjName>SYS_C007655</sourceObjName>
<createdBy>gyym9</createdBy>
<createdTime>2020-09-25 01:02:21 UTC</createdTime>
<ownerDesignName>erd</ownerDesignName>
<pk>true</pk>
<indexState>Primary Constraint</indexState>
<isSurrogateKey>false</isSurrogateKey>
<indexColumnUsage>
<colUsage columnID="A05C2D37-3D43-2A76-8D30-CBF0E54BD3F2"/>
</indexColumnUsage>
</ind_PK_UK>
</indexes>
</Table>