<?xml version = '1.0' encoding = 'UTF-8'?>
<Table class="oracle.dbtools.crest.model.design.relational.Table" directorySegmentName="seg_0" id="A946D11D-C62D-0B6E-C1A3-6B171A8A8EBE" schemaObject="7BCA4B88-A8DF-086D-0DD1-0AEC15C1F656" name="ORDERLIST">
<sourceConnName>Voguekorea</sourceConnName>
<sourceObjSchema>GD25TH06</sourceObjSchema>
<sourceObjName>ORDERLIST</sourceObjName>
<createdBy>gyym9</createdBy>
<createdTime>2020-09-25 01:02:55 UTC</createdTime>
<ownerDesignName>erd</ownerDesignName>
<allowColumnReorder>false</allowColumnReorder>
<existDependencyGenerateInDDl>true</existDependencyGenerateInDDl>
<parsed>true</parsed>
<columns itemClass="oracle.dbtools.crest.model.design.relational.Column">
<Column name="ORDER_SEQ" id="7F47EA91-4762-FDD9-6C49-2B82C48FB49F">
<sourceConnName>Voguekorea</sourceConnName>
<sourceObjSchema>ORDERLIST</sourceObjSchema>
<sourceObjName>ORDER_SEQ</sourceObjName>
<createdBy>gyym9</createdBy>
<createdTime>2020-09-25 01:02:55 UTC</createdTime>
<ownerDesignName>erd</ownerDesignName>
<useDomainConstraints>false</useDomainConstraints>
<use>1</use>
<logicalDatatype>LOGDT019</logicalDatatype>
<dataTypePrecision>5</dataTypePrecision>
<dataTypeScale>0</dataTypeScale>
<ownDataTypeParameters>,5,0</ownDataTypeParameters>
<autoIncrementCycle>false</autoIncrementCycle>
</Column>
<Column name="ORDER_NAME" id="6F7D5289-903C-8191-82CA-4AC4B00FCEC2">
<sourceConnName>Voguekorea</sourceConnName>
<sourceObjSchema>ORDERLIST</sourceObjSchema>
<sourceObjName>ORDER_NAME</sourceObjName>
<createdBy>gyym9</createdBy>
<createdTime>2020-09-25 01:02:55 UTC</createdTime>
<ownerDesignName>erd</ownerDesignName>
<useDomainConstraints>false</useDomainConstraints>
<use>1</use>
<logicalDatatype>LOGDT024</logicalDatatype>
<dataTypeSize>20 BYTE</dataTypeSize>
<ownDataTypeParameters>20 BYTE,,</ownDataTypeParameters>
<autoIncrementCycle>false</autoIncrementCycle>
</Column>
<Column name="ORDER_PHONE" id="7FF1CE12-A1CE-21BA-C404-78AF699E217E">
<sourceConnName>Voguekorea</sourceConnName>
<sourceObjSchema>ORDERLIST</sourceObjSchema>
<sourceObjName>ORDER_PHONE</sourceObjName>
<createdBy>gyym9</createdBy>
<createdTime>2020-09-25 01:02:55 UTC</createdTime>
<ownerDesignName>erd</ownerDesignName>
<useDomainConstraints>false</useDomainConstraints>
<use>1</use>
<logicalDatatype>LOGDT024</logicalDatatype>
<dataTypeSize>20 BYTE</dataTypeSize>
<ownDataTypeParameters>20 BYTE,,</ownDataTypeParameters>
<autoIncrementCycle>false</autoIncrementCycle>
</Column>
<Column name="ORDER_MAIL" id="55F25480-9B46-5E0B-4AD7-AC20B8C51CD7">
<sourceConnName>Voguekorea</sourceConnName>
<sourceObjSchema>ORDERLIST</sourceObjSchema>
<sourceObjName>ORDER_MAIL</sourceObjName>
<createdBy>gyym9</createdBy>
<createdTime>2020-09-25 01:02:55 UTC</createdTime>
<ownerDesignName>erd</ownerDesignName>
<useDomainConstraints>false</useDomainConstraints>
<use>1</use>
<logicalDatatype>LOGDT024</logicalDatatype>
<dataTypeSize>20 BYTE</dataTypeSize>
<ownDataTypeParameters>20 BYTE,,</ownDataTypeParameters>
<autoIncrementCycle>false</autoIncrementCycle>
</Column>
<Column name="RE_NAME" id="8EA0A135-4467-CC2D-163D-AEA449C4DB7E">
<sourceConnName>Voguekorea</sourceConnName>
<sourceObjSchema>ORDERLIST</sourceObjSchema>
<sourceObjName>RE_NAME</sourceObjName>
<createdBy>gyym9</createdBy>
<createdTime>2020-09-25 01:02:55 UTC</createdTime>
<ownerDesignName>erd</ownerDesignName>
<useDomainConstraints>false</useDomainConstraints>
<use>1</use>
<logicalDatatype>LOGDT024</logicalDatatype>
<dataTypeSize>20 BYTE</dataTypeSize>
<ownDataTypeParameters>20 BYTE,,</ownDataTypeParameters>
<autoIncrementCycle>false</autoIncrementCycle>
</Column>
<Column name="RE_ADDRESS" id="A783DC61-100D-AD68-35CF-2CA12AD1E5C3">
<sourceConnName>Voguekorea</sourceConnName>
<sourceObjSchema>ORDERLIST</sourceObjSchema>
<sourceObjName>RE_ADDRESS</sourceObjName>
<createdBy>gyym9</createdBy>
<createdTime>2020-09-25 01:02:55 UTC</createdTime>
<ownerDesignName>erd</ownerDesignName>
<useDomainConstraints>false</useDomainConstraints>
<use>1</use>
<logicalDatatype>LOGDT024</logicalDatatype>
<dataTypeSize>100 BYTE</dataTypeSize>
<ownDataTypeParameters>100 BYTE,,</ownDataTypeParameters>
<autoIncrementCycle>false</autoIncrementCycle>
</Column>
<Column name="RE_PHONE" id="5D84A991-339E-968B-F4D2-1B9D88923AD9">
<sourceConnName>Voguekorea</sourceConnName>
<sourceObjSchema>ORDERLIST</sourceObjSchema>
<sourceObjName>RE_PHONE</sourceObjName>
<createdBy>gyym9</createdBy>
<createdTime>2020-09-25 01:02:55 UTC</createdTime>
<ownerDesignName>erd</ownerDesignName>
<useDomainConstraints>false</useDomainConstraints>
<use>1</use>
<logicalDatatype>LOGDT024</logicalDatatype>
<dataTypeSize>20 BYTE</dataTypeSize>
<ownDataTypeParameters>20 BYTE,,</ownDataTypeParameters>
<autoIncrementCycle>false</autoIncrementCycle>
</Column>
<Column name="RE_COMMENT" id="2450B396-36DD-B87F-7DA3-69B40F0FB7FB">
<sourceConnName>Voguekorea</sourceConnName>
<sourceObjSchema>ORDERLIST</sourceObjSchema>
<sourceObjName>RE_COMMENT</sourceObjName>
<createdBy>gyym9</createdBy>
<createdTime>2020-09-25 01:02:55 UTC</createdTime>
<ownerDesignName>erd</ownerDesignName>
<nullsAllowed>true</nullsAllowed>
<useDomainConstraints>false</useDomainConstraints>
<use>1</use>
<logicalDatatype>LOGDT024</logicalDatatype>
<dataTypeSize>100 BYTE</dataTypeSize>
<ownDataTypeParameters>100 BYTE,,</ownDataTypeParameters>
<autoIncrementCycle>false</autoIncrementCycle>
</Column>
<Column name="INDATE" id="28EB45E0-6DD4-EA64-4F96-5D9DEAC42EB7">
<sourceConnName>Voguekorea</sourceConnName>
<sourceObjSchema>ORDERLIST</sourceObjSchema>
<sourceObjName>INDATE</sourceObjName>
<createdBy>gyym9</createdBy>
<createdTime>2020-09-25 01:02:55 UTC</createdTime>
<ownerDesignName>erd</ownerDesignName>
<nullsAllowed>true</nullsAllowed>
<useDomainConstraints>false</useDomainConstraints>
<use>1</use>
<logicalDatatype>LOGDT007</logicalDatatype>
<dataTypeSize>7</dataTypeSize>
<ownDataTypeParameters>7,,</ownDataTypeParameters>
<autoIncrementCycle>false</autoIncrementCycle>
</Column>
<Column name="PAY_SEQ" id="19D65796-EF11-D414-8826-2B34880A2248">
<sourceConnName>Voguekorea</sourceConnName>
<sourceObjSchema>ORDERLIST</sourceObjSchema>
<sourceObjName>PAY_SEQ</sourceObjName>
<createdBy>gyym9</createdBy>
<createdTime>2020-09-25 01:02:55 UTC</createdTime>
<ownerDesignName>erd</ownerDesignName>
<nullsAllowed>true</nullsAllowed>
<useDomainConstraints>false</useDomainConstraints>
<use>1</use>
<logicalDatatype>LOGDT019</logicalDatatype>
<dataTypePrecision>5</dataTypePrecision>
<dataTypeScale>0</dataTypeScale>
<ownDataTypeParameters>,5,0</ownDataTypeParameters>
<autoIncrementCycle>false</autoIncrementCycle>
<associations>
<colAssociation fkAssociation="1D593753-E114-4926-65FD-2D950E1F12D4" referredColumn="84359783-4EE3-1E25-3396-5FFFCFBB3BA0"/>
</associations>
</Column>
<Column name="ID" id="372C88B5-212A-E241-CB65-117E261A2C39">
<sourceConnName>Voguekorea</sourceConnName>
<sourceObjSchema>ORDERLIST</sourceObjSchema>
<sourceObjName>ID</sourceObjName>
<createdBy>gyym9</createdBy>
<createdTime>2020-09-25 01:02:55 UTC</createdTime>
<ownerDesignName>erd</ownerDesignName>
<nullsAllowed>true</nullsAllowed>
<useDomainConstraints>false</useDomainConstraints>
<use>1</use>
<logicalDatatype>LOGDT024</logicalDatatype>
<dataTypeSize>20 BYTE</dataTypeSize>
<ownDataTypeParameters>20 BYTE,,</ownDataTypeParameters>
<autoIncrementCycle>false</autoIncrementCycle>
<associations>
<colAssociation fkAssociation="F63F97FF-A4BF-BA68-F3D5-59B3B98F8F29" referredColumn="EBB73C06-A553-345F-F9CC-1F1B8B99741E"/>
</associations>
</Column>
</columns>
<indexes itemClass="oracle.dbtools.crest.model.design.relational.Index">
<ind_PK_UK id="46BFD0CB-2266-7543-9823-1813633C4F61" schemaObject="7BCA4B88-A8DF-086D-0DD1-0AEC15C1F656" name="ORDERLIST_PK">
<sourceConnName>Voguekorea</sourceConnName>
<sourceObjSchema>GD25TH06</sourceObjSchema>
<sourceObjName>SYS_C007713</sourceObjName>
<createdBy>gyym9</createdBy>
<createdTime>2020-09-25 01:02:55 UTC</createdTime>
<ownerDesignName>erd</ownerDesignName>
<pk>true</pk>
<indexState>Primary Constraint</indexState>
<isSurrogateKey>false</isSurrogateKey>
<indexColumnUsage>
<colUsage columnID="7F47EA91-4762-FDD9-6C49-2B82C48FB49F"/>
</indexColumnUsage>
</ind_PK_UK>
<ind_PK_UK id="781ABD0D-0B55-F35E-C871-563B5AEB0C57" name="ORDERLIST_FK_ID">
<createdBy>gyym9</createdBy>
<createdTime>2020-09-25 01:02:55 UTC</createdTime>
<ownerDesignName>erd</ownerDesignName>
<indexState>Foreign Key</indexState>
<isSurrogateKey>false</isSurrogateKey>
<indexColumnUsage>
<colUsage columnID="372C88B5-212A-E241-CB65-117E261A2C39"/>
</indexColumnUsage>
</ind_PK_UK>
<ind_PK_UK id="985630EC-2D25-BB98-E8B3-FE94CB97CD63" name="ORDERLIST_FK_PAYMENT">
<createdBy>gyym9</createdBy>
<createdTime>2020-09-25 01:02:55 UTC</createdTime>
<ownerDesignName>erd</ownerDesignName>
<indexState>Foreign Key</indexState>
<isSurrogateKey>false</isSurrogateKey>
<indexColumnUsage>
<colUsage columnID="19D65796-EF11-D414-8826-2B34880A2248"/>
</indexColumnUsage>
</ind_PK_UK>
</indexes>
</Table>