<?xml version = '1.0' encoding = 'UTF-8'?>
<Table class="oracle.dbtools.crest.model.design.relational.Table" directorySegmentName="seg_0" id="C21A4630-71E9-98D1-55D4-215D1B8382B6" schemaObject="7BCA4B88-A8DF-086D-0DD1-0AEC15C1F656" name="ADDPAYMENT">
<sourceConnName>Voguekorea</sourceConnName>
<sourceObjSchema>GD25TH06</sourceObjSchema>
<sourceObjName>ADDPAYMENT</sourceObjName>
<createdBy>gyym9</createdBy>
<createdTime>2020-09-25 01:01:21 UTC</createdTime>
<ownerDesignName>erd</ownerDesignName>
<allowColumnReorder>false</allowColumnReorder>
<existDependencyGenerateInDDl>true</existDependencyGenerateInDDl>
<parsed>true</parsed>
<columns itemClass="oracle.dbtools.crest.model.design.relational.Column">
<Column name="PAY_SEQ" id="84359783-4EE3-1E25-3396-5FFFCFBB3BA0">
<sourceConnName>Voguekorea</sourceConnName>
<sourceObjSchema>ADDPAYMENT</sourceObjSchema>
<sourceObjName>PAY_SEQ</sourceObjName>
<createdBy>gyym9</createdBy>
<createdTime>2020-09-25 01:01:21 UTC</createdTime>
<ownerDesignName>erd</ownerDesignName>
<useDomainConstraints>false</useDomainConstraints>
<use>1</use>
<logicalDatatype>LOGDT019</logicalDatatype>
<dataTypePrecision>5</dataTypePrecision>
<dataTypeScale>0</dataTypeScale>
<ownDataTypeParameters>,5,0</ownDataTypeParameters>
<autoIncrementCycle>false</autoIncrementCycle>
</Column>
<Column name="PSEQ" id="5CA9AE3A-6507-C49D-3E90-4F36296F08BC">
<sourceConnName>Voguekorea</sourceConnName>
<sourceObjSchema>ADDPAYMENT</sourceObjSchema>
<sourceObjName>PSEQ</sourceObjName>
<createdBy>gyym9</createdBy>
<createdTime>2020-09-25 01:01:21 UTC</createdTime>
<ownerDesignName>erd</ownerDesignName>
<useDomainConstraints>false</useDomainConstraints>
<use>1</use>
<logicalDatatype>LOGDT019</logicalDatatype>
<dataTypePrecision>5</dataTypePrecision>
<dataTypeScale>0</dataTypeScale>
<ownDataTypeParameters>,5,0</ownDataTypeParameters>
<autoIncrementCycle>false</autoIncrementCycle>
<associations>
<colAssociation fkAssociation="94D94458-4C3E-F509-A2BE-851E5A28B326" referredColumn="8DFF37FC-179D-0CB8-063E-F7E1355D923F"/>
</associations>
</Column>
<Column name="NAME" id="3E0BB1C2-F987-4394-975D-4D2CB0CB44AD">
<sourceConnName>Voguekorea</sourceConnName>
<sourceObjSchema>ADDPAYMENT</sourceObjSchema>
<sourceObjName>NAME</sourceObjName>
<createdBy>gyym9</createdBy>
<createdTime>2020-09-25 01:01:21 UTC</createdTime>
<ownerDesignName>erd</ownerDesignName>
<useDomainConstraints>false</useDomainConstraints>
<use>1</use>
<logicalDatatype>LOGDT024</logicalDatatype>
<dataTypeSize>20 BYTE</dataTypeSize>
<ownDataTypeParameters>20 BYTE,,</ownDataTypeParameters>
<autoIncrementCycle>false</autoIncrementCycle>
</Column>
<Column name="CONTENT" id="035A3A40-FC5D-2992-BEBD-ECE7B74D78B7">
<sourceConnName>Voguekorea</sourceConnName>
<sourceObjSchema>ADDPAYMENT</sourceObjSchema>
<sourceObjName>CONTENT</sourceObjName>
<createdBy>gyym9</createdBy>
<createdTime>2020-09-25 01:01:21 UTC</createdTime>
<ownerDesignName>erd</ownerDesignName>
<useDomainConstraints>false</useDomainConstraints>
<use>1</use>
<logicalDatatype>LOGDT024</logicalDatatype>
<dataTypeSize>1000 BYTE</dataTypeSize>
<ownDataTypeParameters>1000 BYTE,,</ownDataTypeParameters>
<autoIncrementCycle>false</autoIncrementCycle>
</Column>
<Column name="COUNT" id="68F5679A-AD22-80B8-85D7-EAE5BC5EEA64">
<sourceConnName>Voguekorea</sourceConnName>
<sourceObjSchema>ADDPAYMENT</sourceObjSchema>
<sourceObjName>COUNT</sourceObjName>
<createdBy>gyym9</createdBy>
<createdTime>2020-09-25 01:01:21 UTC</createdTime>
<ownerDesignName>erd</ownerDesignName>
<useDomainConstraints>false</useDomainConstraints>
<use>1</use>
<logicalDatatype>LOGDT019</logicalDatatype>
<dataTypePrecision>5</dataTypePrecision>
<dataTypeScale>0</dataTypeScale>
<ownDataTypeParameters>,5,0</ownDataTypeParameters>
<autoIncrementCycle>false</autoIncrementCycle>
</Column>
<Column name="IMAGE" id="628372E5-1252-9657-2420-34622C1335EB">
<sourceConnName>Voguekorea</sourceConnName>
<sourceObjSchema>ADDPAYMENT</sourceObjSchema>
<sourceObjName>IMAGE</sourceObjName>
<createdBy>gyym9</createdBy>
<createdTime>2020-09-25 01:01:21 UTC</createdTime>
<ownerDesignName>erd</ownerDesignName>
<useDomainConstraints>false</useDomainConstraints>
<use>1</use>
<logicalDatatype>LOGDT024</logicalDatatype>
<dataTypeSize>1000 BYTE</dataTypeSize>
<ownDataTypeParameters>1000 BYTE,,</ownDataTypeParameters>
<autoIncrementCycle>false</autoIncrementCycle>
</Column>
<Column name="PRICE" id="54B495A9-DECC-D95D-8FD9-859A33FAFEA5">
<sourceConnName>Voguekorea</sourceConnName>
<sourceObjSchema>ADDPAYMENT</sourceObjSchema>
<sourceObjName>PRICE</sourceObjName>
<createdBy>gyym9</createdBy>
<createdTime>2020-09-25 01:01:21 UTC</createdTime>
<ownerDesignName>erd</ownerDesignName>
<useDomainConstraints>false</useDomainConstraints>
<use>1</use>
<logicalDatatype>LOGDT019</logicalDatatype>
<dataTypePrecision>8</dataTypePrecision>
<dataTypeScale>0</dataTypeScale>
<ownDataTypeParameters>,8,0</ownDataTypeParameters>
<autoIncrementCycle>false</autoIncrementCycle>
</Column>
<Column name="ID" id="C958451D-81C6-9A76-078F-C88EFDBBA032">
<sourceConnName>Voguekorea</sourceConnName>
<sourceObjSchema>ADDPAYMENT</sourceObjSchema>
<sourceObjName>ID</sourceObjName>
<createdBy>gyym9</createdBy>
<createdTime>2020-09-25 01:01:21 UTC</createdTime>
<ownerDesignName>erd</ownerDesignName>
<nullsAllowed>true</nullsAllowed>
<useDomainConstraints>false</useDomainConstraints>
<use>1</use>
<logicalDatatype>LOGDT024</logicalDatatype>
<dataTypeSize>20 BYTE</dataTypeSize>
<defaultValue>&apos;NULL&apos;</defaultValue>
<ownDataTypeParameters>20 BYTE,,</ownDataTypeParameters>
<autoIncrementCycle>false</autoIncrementCycle>
<associations>
<colAssociation fkAssociation="89675178-902A-853F-9D06-0EEA3D9805A6" referredColumn="EBB73C06-A553-345F-F9CC-1F1B8B99741E"/>
</associations>
</Column>
</columns>
<indexes itemClass="oracle.dbtools.crest.model.design.relational.Index">
<ind_PK_UK id="8FB5BDE3-47B7-8115-4DD0-A741495DE266" schemaObject="7BCA4B88-A8DF-086D-0DD1-0AEC15C1F656" name="ADDPAYMENT_PK">
<sourceConnName>Voguekorea</sourceConnName>
<sourceObjSchema>GD25TH06</sourceObjSchema>
<sourceObjName>SYS_C007677</sourceObjName>
<createdBy>gyym9</createdBy>
<createdTime>2020-09-25 01:01:21 UTC</createdTime>
<ownerDesignName>erd</ownerDesignName>
<pk>true</pk>
<indexState>Primary Constraint</indexState>
<isSurrogateKey>false</isSurrogateKey>
<indexColumnUsage>
<colUsage columnID="84359783-4EE3-1E25-3396-5FFFCFBB3BA0"/>
</indexColumnUsage>
</ind_PK_UK>
<ind_PK_UK id="C8582CA7-AA68-3D68-80CD-34B3F4C6870D" name="ADDPAYMENT_FK_ID">
<createdBy>gyym9</createdBy>
<createdTime>2020-09-25 01:01:21 UTC</createdTime>
<ownerDesignName>erd</ownerDesignName>
<indexState>Foreign Key</indexState>
<isSurrogateKey>false</isSurrogateKey>
<indexColumnUsage>
<colUsage columnID="C958451D-81C6-9A76-078F-C88EFDBBA032"/>
</indexColumnUsage>
</ind_PK_UK>
<ind_PK_UK id="4AB1A419-6738-362E-5AA8-4C963EB37167" name="ADDPAYMENT_FK_PRODUCT">
<createdBy>gyym9</createdBy>
<createdTime>2020-09-25 01:01:21 UTC</createdTime>
<ownerDesignName>erd</ownerDesignName>
<indexState>Foreign Key</indexState>
<isSurrogateKey>false</isSurrogateKey>
<indexColumnUsage>
<colUsage columnID="5CA9AE3A-6507-C49D-3E90-4F36296F08BC"/>
</indexColumnUsage>
</ind_PK_UK>
</indexes>
</Table>