<?xml version = '1.0' encoding = 'UTF-8'?>
<Table class="oracle.dbtools.crest.model.design.relational.Table" directorySegmentName="seg_0" id="EE976658-04CF-24D7-BDC4-9D716ACAB046" schemaObject="7BCA4B88-A8DF-086D-0DD1-0AEC15C1F656" name="PRODUCT">
<sourceConnName>Voguekorea</sourceConnName>
<sourceObjSchema>GD25TH06</sourceObjSchema>
<sourceObjName>PRODUCT</sourceObjName>
<createdBy>gyym9</createdBy>
<createdTime>2020-09-25 01:03:07 UTC</createdTime>
<ownerDesignName>erd</ownerDesignName>
<allowColumnReorder>false</allowColumnReorder>
<existDependencyGenerateInDDl>true</existDependencyGenerateInDDl>
<parsed>true</parsed>
<columns itemClass="oracle.dbtools.crest.model.design.relational.Column">
<Column name="PSEQ" id="8DFF37FC-179D-0CB8-063E-F7E1355D923F">
<sourceConnName>Voguekorea</sourceConnName>
<sourceObjSchema>PRODUCT</sourceObjSchema>
<sourceObjName>PSEQ</sourceObjName>
<createdBy>gyym9</createdBy>
<createdTime>2020-09-25 01:03:07 UTC</createdTime>
<ownerDesignName>erd</ownerDesignName>
<useDomainConstraints>false</useDomainConstraints>
<use>1</use>
<logicalDatatype>LOGDT019</logicalDatatype>
<dataTypePrecision>5</dataTypePrecision>
<dataTypeScale>0</dataTypeScale>
<ownDataTypeParameters>,5,0</ownDataTypeParameters>
<autoIncrementCycle>false</autoIncrementCycle>
</Column>
<Column name="NAME" id="7E66D224-BEA4-8EC0-74BE-8F691581B077">
<sourceConnName>Voguekorea</sourceConnName>
<sourceObjSchema>PRODUCT</sourceObjSchema>
<sourceObjName>NAME</sourceObjName>
<createdBy>gyym9</createdBy>
<createdTime>2020-09-25 01:03:07 UTC</createdTime>
<ownerDesignName>erd</ownerDesignName>
<nullsAllowed>true</nullsAllowed>
<useDomainConstraints>false</useDomainConstraints>
<use>1</use>
<logicalDatatype>LOGDT024</logicalDatatype>
<dataTypeSize>20 BYTE</dataTypeSize>
<ownDataTypeParameters>20 BYTE,,</ownDataTypeParameters>
<autoIncrementCycle>false</autoIncrementCycle>
</Column>
<Column name="CONTENT" id="C002E576-579D-87DA-746D-F418B3B96A07">
<sourceConnName>Voguekorea</sourceConnName>
<sourceObjSchema>PRODUCT</sourceObjSchema>
<sourceObjName>CONTENT</sourceObjName>
<createdBy>gyym9</createdBy>
<createdTime>2020-09-25 01:03:07 UTC</createdTime>
<ownerDesignName>erd</ownerDesignName>
<nullsAllowed>true</nullsAllowed>
<useDomainConstraints>false</useDomainConstraints>
<use>1</use>
<logicalDatatype>LOGDT024</logicalDatatype>
<dataTypeSize>1000 BYTE</dataTypeSize>
<ownDataTypeParameters>1000 BYTE,,</ownDataTypeParameters>
<autoIncrementCycle>false</autoIncrementCycle>
</Column>
<Column name="DETAIL" id="7681E55B-5A67-0AE7-B87A-4F2BC8AB2360">
<sourceConnName>Voguekorea</sourceConnName>
<sourceObjSchema>PRODUCT</sourceObjSchema>
<sourceObjName>DETAIL</sourceObjName>
<createdBy>gyym9</createdBy>
<createdTime>2020-09-25 01:03:07 UTC</createdTime>
<ownerDesignName>erd</ownerDesignName>
<nullsAllowed>true</nullsAllowed>
<useDomainConstraints>false</useDomainConstraints>
<use>1</use>
<logicalDatatype>LOGDT024</logicalDatatype>
<dataTypeSize>3000 BYTE</dataTypeSize>
<ownDataTypeParameters>3000 BYTE,,</ownDataTypeParameters>
<autoIncrementCycle>false</autoIncrementCycle>
</Column>
<Column name="INDATE" id="50E4D4A9-A1AE-9398-2B33-AF64685A426D">
<sourceConnName>Voguekorea</sourceConnName>
<sourceObjSchema>PRODUCT</sourceObjSchema>
<sourceObjName>INDATE</sourceObjName>
<createdBy>gyym9</createdBy>
<createdTime>2020-09-25 01:03:07 UTC</createdTime>
<ownerDesignName>erd</ownerDesignName>
<nullsAllowed>true</nullsAllowed>
<useDomainConstraints>false</useDomainConstraints>
<use>1</use>
<logicalDatatype>LOGDT007</logicalDatatype>
<dataTypeSize>7</dataTypeSize>
<defaultValue>SYSDATE</defaultValue>
<ownDataTypeParameters>7,,</ownDataTypeParameters>
<autoIncrementCycle>false</autoIncrementCycle>
</Column>
<Column name="IMAGE" id="974A499C-8B8A-0149-8F93-5E38774D690B">
<sourceConnName>Voguekorea</sourceConnName>
<sourceObjSchema>PRODUCT</sourceObjSchema>
<sourceObjName>IMAGE</sourceObjName>
<createdBy>gyym9</createdBy>
<createdTime>2020-09-25 01:03:07 UTC</createdTime>
<ownerDesignName>erd</ownerDesignName>
<nullsAllowed>true</nullsAllowed>
<useDomainConstraints>false</useDomainConstraints>
<use>1</use>
<logicalDatatype>LOGDT024</logicalDatatype>
<dataTypeSize>1000 BYTE</dataTypeSize>
<ownDataTypeParameters>1000 BYTE,,</ownDataTypeParameters>
<autoIncrementCycle>false</autoIncrementCycle>
</Column>
<Column name="PRICE" id="442535A2-C71F-2840-C355-9F32706CFBFF">
<sourceConnName>Voguekorea</sourceConnName>
<sourceObjSchema>PRODUCT</sourceObjSchema>
<sourceObjName>PRICE</sourceObjName>
<createdBy>gyym9</createdBy>
<createdTime>2020-09-25 01:03:07 UTC</createdTime>
<ownerDesignName>erd</ownerDesignName>
<nullsAllowed>true</nullsAllowed>
<useDomainConstraints>false</useDomainConstraints>
<use>1</use>
<logicalDatatype>LOGDT019</logicalDatatype>
<dataTypePrecision>8</dataTypePrecision>
<dataTypeScale>0</dataTypeScale>
<ownDataTypeParameters>,8,0</ownDataTypeParameters>
<autoIncrementCycle>false</autoIncrementCycle>
</Column>
</columns>
<indexes itemClass="oracle.dbtools.crest.model.design.relational.Index">
<ind_PK_UK id="F3B6F1AB-49D8-A9B0-776C-38DD1D0286C2" schemaObject="7BCA4B88-A8DF-086D-0DD1-0AEC15C1F656" name="PRODUCT_PK">
<sourceConnName>Voguekorea</sourceConnName>
<sourceObjSchema>GD25TH06</sourceObjSchema>
<sourceObjName>SYS_C007661</sourceObjName>
<createdBy>gyym9</createdBy>
<createdTime>2020-09-25 01:03:07 UTC</createdTime>
<ownerDesignName>erd</ownerDesignName>
<pk>true</pk>
<indexState>Primary Constraint</indexState>
<isSurrogateKey>false</isSurrogateKey>
<indexColumnUsage>
<colUsage columnID="8DFF37FC-179D-0CB8-063E-F7E1355D923F"/>
</indexColumnUsage>
</ind_PK_UK>
</indexes>
</Table>