<?xml version = '1.0' encoding = 'UTF-8'?>
<Table class="oracle.dbtools.crest.model.design.relational.Table" directorySegmentName="seg_0" id="F4154AB1-D5F7-11C5-89A2-FF7A573D119A" schemaObject="7BCA4B88-A8DF-086D-0DD1-0AEC15C1F656" name="NOTICE">
<sourceConnName>Voguekorea</sourceConnName>
<sourceObjSchema>GD25TH06</sourceObjSchema>
<sourceObjName>NOTICE</sourceObjName>
<createdBy>gyym9</createdBy>
<createdTime>2020-09-25 01:02:48 UTC</createdTime>
<ownerDesignName>erd</ownerDesignName>
<allowColumnReorder>false</allowColumnReorder>
<existDependencyGenerateInDDl>true</existDependencyGenerateInDDl>
<parsed>true</parsed>
<columns itemClass="oracle.dbtools.crest.model.design.relational.Column">
<Column name="NSEQ" id="3C99C465-20AA-5791-7D98-6C6A66DFA2F3">
<sourceConnName>Voguekorea</sourceConnName>
<sourceObjSchema>NOTICE</sourceObjSchema>
<sourceObjName>NSEQ</sourceObjName>
<createdBy>gyym9</createdBy>
<createdTime>2020-09-25 01:02:48 UTC</createdTime>
<ownerDesignName>erd</ownerDesignName>
<useDomainConstraints>false</useDomainConstraints>
<use>1</use>
<logicalDatatype>LOGDT019</logicalDatatype>
<dataTypePrecision>5</dataTypePrecision>
<dataTypeScale>0</dataTypeScale>
<ownDataTypeParameters>,5,0</ownDataTypeParameters>
<autoIncrementCycle>false</autoIncrementCycle>
</Column>
<Column name="SUBJECT" id="EB83E107-8793-EA02-464A-2BF5368BFEDA">
<sourceConnName>Voguekorea</sourceConnName>
<sourceObjSchema>NOTICE</sourceObjSchema>
<sourceObjName>SUBJECT</sourceObjName>
<createdBy>gyym9</createdBy>
<createdTime>2020-09-25 01:02:48 UTC</createdTime>
<ownerDesignName>erd</ownerDesignName>
<nullsAllowed>true</nullsAllowed>
<useDomainConstraints>false</useDomainConstraints>
<use>1</use>
<logicalDatatype>LOGDT024</logicalDatatype>
<dataTypeSize>1000 BYTE</dataTypeSize>
<ownDataTypeParameters>1000 BYTE,,</ownDataTypeParameters>
<autoIncrementCycle>false</autoIncrementCycle>
</Column>
<Column name="CONTENT" id="449C963F-90E7-C565-21C5-B44635F794CD">
<sourceConnName>Voguekorea</sourceConnName>
<sourceObjSchema>NOTICE</sourceObjSchema>
<sourceObjName>CONTENT</sourceObjName>
<createdBy>gyym9</createdBy>
<createdTime>2020-09-25 01:02:48 UTC</createdTime>
<ownerDesignName>erd</ownerDesignName>
<nullsAllowed>true</nullsAllowed>
<useDomainConstraints>false</useDomainConstraints>
<use>1</use>
<logicalDatatype>LOGDT024</logicalDatatype>
<dataTypeSize>3000 BYTE</dataTypeSize>
<ownDataTypeParameters>3000 BYTE,,</ownDataTypeParameters>
<autoIncrementCycle>false</autoIncrementCycle>
</Column>
<Column name="ID" id="A9C29D5A-E5DD-1DCA-DCFB-4EC86E9F0C90">
<sourceConnName>Voguekorea</sourceConnName>
<sourceObjSchema>NOTICE</sourceObjSchema>
<sourceObjName>ID</sourceObjName>
<createdBy>gyym9</createdBy>
<createdTime>2020-09-25 01:02:48 UTC</createdTime>
<ownerDesignName>erd</ownerDesignName>
<nullsAllowed>true</nullsAllowed>
<useDomainConstraints>false</useDomainConstraints>
<use>1</use>
<logicalDatatype>LOGDT024</logicalDatatype>
<dataTypeSize>20 BYTE</dataTypeSize>
<ownDataTypeParameters>20 BYTE,,</ownDataTypeParameters>
<autoIncrementCycle>false</autoIncrementCycle>
</Column>
<Column name="INDATE" id="7D8C3B85-C02A-1D8B-C850-B8B3CE787E07">
<sourceConnName>Voguekorea</sourceConnName>
<sourceObjSchema>NOTICE</sourceObjSchema>
<sourceObjName>INDATE</sourceObjName>
<createdBy>gyym9</createdBy>
<createdTime>2020-09-25 01:02:48 UTC</createdTime>
<ownerDesignName>erd</ownerDesignName>
<nullsAllowed>true</nullsAllowed>
<useDomainConstraints>false</useDomainConstraints>
<use>1</use>
<logicalDatatype>LOGDT007</logicalDatatype>
<dataTypeSize>7</dataTypeSize>
<defaultValue>SYSDATE</defaultValue>
<ownDataTypeParameters>7,,</ownDataTypeParameters>
<autoIncrementCycle>false</autoIncrementCycle>
</Column>
<Column name="HIT" id="2D1B7257-8A67-1793-0845-05DC464EF3A7">
<sourceConnName>Voguekorea</sourceConnName>
<sourceObjSchema>NOTICE</sourceObjSchema>
<sourceObjName>HIT</sourceObjName>
<createdBy>gyym9</createdBy>
<createdTime>2020-09-25 01:02:48 UTC</createdTime>
<ownerDesignName>erd</ownerDesignName>
<nullsAllowed>true</nullsAllowed>
<useDomainConstraints>false</useDomainConstraints>
<use>1</use>
<logicalDatatype>LOGDT019</logicalDatatype>
<dataTypePrecision>10</dataTypePrecision>
<dataTypeScale>0</dataTypeScale>
<defaultValue>0   --조회수</defaultValue>
<ownDataTypeParameters>,10,0</ownDataTypeParameters>
<autoIncrementCycle>false</autoIncrementCycle>
</Column>
</columns>
<indexes itemClass="oracle.dbtools.crest.model.design.relational.Index">
<ind_PK_UK id="F4282FA3-F087-A092-CB90-7BDB473018F4" schemaObject="7BCA4B88-A8DF-086D-0DD1-0AEC15C1F656" name="NOTICE_PK">
<sourceConnName>Voguekorea</sourceConnName>
<sourceObjSchema>GD25TH06</sourceObjSchema>
<sourceObjName>SYS_C007660</sourceObjName>
<createdBy>gyym9</createdBy>
<createdTime>2020-09-25 01:02:48 UTC</createdTime>
<ownerDesignName>erd</ownerDesignName>
<pk>true</pk>
<indexState>Primary Constraint</indexState>
<isSurrogateKey>false</isSurrogateKey>
<indexColumnUsage>
<colUsage columnID="3C99C465-20AA-5791-7D98-6C6A66DFA2F3"/>
</indexColumnUsage>
</ind_PK_UK>
</indexes>
</Table>