<?xml version = '1.0' encoding = 'UTF-8'?>
<TableProxyOraclev11g class="oracle.dbtools.crest.model.design.storage.oracle.v11g.TableProxyOraclev11g" name="MEMBER" directorySegmentName="seg_0" id="3299F019-49DF-E572-B514-1DDAF9E4E1A7">
<createdBy>gyym9</createdBy>
<createdTime>2020-09-25 01:02:29 UTC</createdTime>
<ownerDesignName>erd</ownerDesignName>
<schemaObject>7BCA4B88-A8DF-086D-0DD1-0AEC15C1F656</schemaObject>
<logging>YES</logging>
<partitionedRowMovement>DISABLE</partitionedRowMovement>
<segment>C3822BCB-8293-CE45-04AA-05A1F4EE2C85</segment>
<tableSpace>B2EE153C-7CC8-51B3-5DCA-3B4E77BF813E</tableSpace>
<temporaryChanged>false</temporaryChanged>
<accessDriverType>oracle_loader</accessDriverType>
<rejectLimit></rejectLimit>
<columnProxies itemClass="oracle.dbtools.crest.model.design.storage.oracle.v12c.ColumnProxyOraclev12c">
<ColumnProxy name="PHONE" id="0EE10F4D-F0E8-CCBA-5402-A8B5AE6B118C">
<createdBy>gyym9</createdBy>
<createdTime>2020-09-25 01:02:29 UTC</createdTime>
<ownerDesignName>erd</ownerDesignName>
</ColumnProxy>
<ColumnProxy name="ADDRESS" id="31DB6CD5-278D-7503-42C3-78BFC43FBDF8">
<createdBy>gyym9</createdBy>
<createdTime>2020-09-25 01:02:29 UTC</createdTime>
<ownerDesignName>erd</ownerDesignName>
</ColumnProxy>
<ColumnProxy name="NAME" id="9083D2EC-6E1C-2646-206E-32B6CE738B33">
<createdBy>gyym9</createdBy>
<createdTime>2020-09-25 01:02:29 UTC</createdTime>
<ownerDesignName>erd</ownerDesignName>
</ColumnProxy>
<ColumnProxy name="INDATE" id="9C0D8D7A-E941-16FB-F622-A51D48175650">
<createdBy>gyym9</createdBy>
<createdTime>2020-09-25 01:02:29 UTC</createdTime>
<ownerDesignName>erd</ownerDesignName>
<defaultValue>SYSDATE</defaultValue>
</ColumnProxy>
<ColumnProxy name="EMAIL" id="B0369528-BDC2-17D3-EEE8-701294DAA7CF">
<createdBy>gyym9</createdBy>
<createdTime>2020-09-25 01:02:29 UTC</createdTime>
<ownerDesignName>erd</ownerDesignName>
</ColumnProxy>
<ColumnProxy name="USE" id="C413A558-FBCF-2CFC-05C0-8B7FFA38CC7D">
<createdBy>gyym9</createdBy>
<createdTime>2020-09-25 01:02:29 UTC</createdTime>
<ownerDesignName>erd</ownerDesignName>
<defaultValue>&apos;Y&apos;         --탈퇴</defaultValue>
</ColumnProxy>
<ColumnProxy name="ID" id="EBB73C06-A553-345F-F9CC-1F1B8B99741E">
<createdBy>gyym9</createdBy>
<createdTime>2020-09-25 01:02:29 UTC</createdTime>
<ownerDesignName>erd</ownerDesignName>
</ColumnProxy>
<ColumnProxy name="PWD" id="FD47F1EE-DB54-50C6-4DB5-D06984C4512F">
<createdBy>gyym9</createdBy>
<createdTime>2020-09-25 01:02:29 UTC</createdTime>
<ownerDesignName>erd</ownerDesignName>
</ColumnProxy>
</columnProxies>
<primaryKeys>
<PrimaryKey class="oracle.dbtools.crest.model.design.storage.oracle.v10g.PKProxyOraclev10g" name="MEMBER_PK" id="2E2F6643-3D1F-7BF9-F087-A7E817EFE15C">
<createdBy>gyym9</createdBy>
<createdTime>2020-09-25 01:02:29 UTC</createdTime>
<ownerDesignName>erd</ownerDesignName>
<schemaObject>7BCA4B88-A8DF-086D-0DD1-0AEC15C1F656</schemaObject>
<segment>605C8237-677F-3E43-2660-0168A9C226C1</segment>
<tableSpace>B2EE153C-7CC8-51B3-5DCA-3B4E77BF813E</tableSpace>
<indexSegment>605C8237-677F-3E43-2660-0168A9C226C1</indexSegment>
<indexSort>SORTED</indexSort>
<usingIndex>BY INDEX NAME</usingIndex>
</PrimaryKey>
</primaryKeys>
</TableProxyOraclev11g>