<?xml version = '1.0' encoding = 'UTF-8'?>
<TableProxyOraclev11g class="oracle.dbtools.crest.model.design.storage.oracle.v11g.TableProxyOraclev11g" name="ARTICLE" directorySegmentName="seg_0" id="662DA1D2-FAC5-68D7-DCCB-A30E132B73D6">
<createdBy>gyym9</createdBy>
<createdTime>2020-09-25 01:02:14 UTC</createdTime>
<ownerDesignName>erd</ownerDesignName>
<schemaObject>7BCA4B88-A8DF-086D-0DD1-0AEC15C1F656</schemaObject>
<logging>YES</logging>
<partitionedRowMovement>DISABLE</partitionedRowMovement>
<segment>C3822BCB-8293-CE45-04AA-05A1F4EE2C85</segment>
<tableSpace>B2EE153C-7CC8-51B3-5DCA-3B4E77BF813E</tableSpace>
<temporaryChanged>false</temporaryChanged>
<accessDriverType>oracle_loader</accessDriverType>
<rejectLimit></rejectLimit>
<columnProxies itemClass="oracle.dbtools.crest.model.design.storage.oracle.v12c.ColumnProxyOraclev12c">
<ColumnProxy name="ARTICLE_IMAGE_PC" id="33D5E124-D0BE-C5BB-C875-CE469C149F41">
<createdBy>gyym9</createdBy>
<createdTime>2020-09-25 01:02:14 UTC</createdTime>
<ownerDesignName>erd</ownerDesignName>
<defaultValue>&apos;default.jpg&apos;</defaultValue>
</ColumnProxy>
<ColumnProxy name="ASEQ" id="4956596D-A604-A1B0-954E-6E42DAC184A4">
<createdBy>gyym9</createdBy>
<createdTime>2020-09-25 01:02:14 UTC</createdTime>
<ownerDesignName>erd</ownerDesignName>
</ColumnProxy>
<ColumnProxy name="ARTICLE_TITLE" id="8E803A69-AAC6-5758-9E70-81CFAD089503">
<createdBy>gyym9</createdBy>
<createdTime>2020-09-25 01:02:14 UTC</createdTime>
<ownerDesignName>erd</ownerDesignName>
</ColumnProxy>
<ColumnProxy name="ARTICLE_IMAGE_M" id="C10FFAA6-EB54-D2C8-CEC4-474DEA8D745E">
<createdBy>gyym9</createdBy>
<createdTime>2020-09-25 01:02:14 UTC</createdTime>
<ownerDesignName>erd</ownerDesignName>
<defaultValue>&apos;default.jpg&apos;</defaultValue>
</ColumnProxy>
<ColumnProxy name="CATEGORY_NO" id="FDF1AAE9-9189-6E42-48A8-829E1F4E77A7">
<createdBy>gyym9</createdBy>
<createdTime>2020-09-25 01:02:14 UTC</createdTime>
<ownerDesignName>erd</ownerDesignName>
</ColumnProxy>
</columnProxies>
<foreignKeys>
<ForeignKey class="oracle.dbtools.crest.model.design.storage.oracle.v10g.FKProxyOraclev10g" name="ARTICLE_FK" id="BE0606D9-5402-F9B6-71F6-8F17534FEB23">
<createdBy>gyym9</createdBy>
<createdTime>2020-09-25 01:02:14 UTC</createdTime>
<ownerDesignName>erd</ownerDesignName>
</ForeignKey>
</foreignKeys>
<primaryKeys>
<PrimaryKey class="oracle.dbtools.crest.model.design.storage.oracle.v10g.PKProxyOraclev10g" name="ARTICLE_PK" id="B55325ED-DBBD-BAD8-5805-58F8A338B303">
<createdBy>gyym9</createdBy>
<createdTime>2020-09-25 01:02:14 UTC</createdTime>
<ownerDesignName>erd</ownerDesignName>
<schemaObject>7BCA4B88-A8DF-086D-0DD1-0AEC15C1F656</schemaObject>
<segment>605C8237-677F-3E43-2660-0168A9C226C1</segment>
<tableSpace>B2EE153C-7CC8-51B3-5DCA-3B4E77BF813E</tableSpace>
<indexSegment>605C8237-677F-3E43-2660-0168A9C226C1</indexSegment>
<indexSort>SORTED</indexSort>
<usingIndex>BY INDEX NAME</usingIndex>
</PrimaryKey>
</primaryKeys>
</TableProxyOraclev11g>