<?xml version = '1.0' encoding = 'UTF-8'?>
<TableProxyOraclev11g class="oracle.dbtools.crest.model.design.storage.oracle.v11g.TableProxyOraclev11g" name="ADDCART" directorySegmentName="seg_0" id="86D3F093-6D25-D1B6-2389-EE0C38001E87">
<createdBy>gyym9</createdBy>
<createdTime>2020-09-25 01:01:00 UTC</createdTime>
<ownerDesignName>erd</ownerDesignName>
<schemaObject>7BCA4B88-A8DF-086D-0DD1-0AEC15C1F656</schemaObject>
<logging>YES</logging>
<partitionedRowMovement>DISABLE</partitionedRowMovement>
<segment>C3822BCB-8293-CE45-04AA-05A1F4EE2C85</segment>
<tableSpace>B2EE153C-7CC8-51B3-5DCA-3B4E77BF813E</tableSpace>
<temporaryChanged>false</temporaryChanged>
<accessDriverType>oracle_loader</accessDriverType>
<rejectLimit></rejectLimit>
<columnProxies itemClass="oracle.dbtools.crest.model.design.storage.oracle.v12c.ColumnProxyOraclev12c">
<ColumnProxy name="IMAGE" id="06CA5770-1959-E737-18B9-DD18EEC9EA1E">
<createdBy>gyym9</createdBy>
<createdTime>2020-09-25 01:01:00 UTC</createdTime>
<ownerDesignName>erd</ownerDesignName>
</ColumnProxy>
<ColumnProxy name="NAME" id="081DC7E2-D18A-3921-3386-CB4DEB666083">
<createdBy>gyym9</createdBy>
<createdTime>2020-09-25 01:01:00 UTC</createdTime>
<ownerDesignName>erd</ownerDesignName>
</ColumnProxy>
<ColumnProxy name="ID" id="234EC1CE-E54D-2588-5262-130B3C0EBE63">
<createdBy>gyym9</createdBy>
<createdTime>2020-09-25 01:01:00 UTC</createdTime>
<ownerDesignName>erd</ownerDesignName>
<defaultValue>&apos;NULL&apos;</defaultValue>
</ColumnProxy>
<ColumnProxy name="PSEQ" id="32A94C0A-6B8E-2169-D8F2-710D80EE79C9">
<createdBy>gyym9</createdBy>
<createdTime>2020-09-25 01:01:00 UTC</createdTime>
<ownerDesignName>erd</ownerDesignName>
</ColumnProxy>
<ColumnProxy name="CONTENT" id="64989FE7-59CA-B05B-5379-FF4F691C84B0">
<createdBy>gyym9</createdBy>
<createdTime>2020-09-25 01:01:00 UTC</createdTime>
<ownerDesignName>erd</ownerDesignName>
</ColumnProxy>
<ColumnProxy name="PRICE" id="888BA071-854C-D0D6-90F6-84DB99B086AA">
<createdBy>gyym9</createdBy>
<createdTime>2020-09-25 01:01:00 UTC</createdTime>
<ownerDesignName>erd</ownerDesignName>
</ColumnProxy>
<ColumnProxy name="CSEQ" id="E49AAEEF-BE8F-1C0C-A310-21FADA10B7FD">
<createdBy>gyym9</createdBy>
<createdTime>2020-09-25 01:01:00 UTC</createdTime>
<ownerDesignName>erd</ownerDesignName>
</ColumnProxy>
<ColumnProxy name="COUNT" id="F245DF5F-BAC4-3F47-9AB4-59DA2A05EB1B">
<createdBy>gyym9</createdBy>
<createdTime>2020-09-25 01:01:00 UTC</createdTime>
<ownerDesignName>erd</ownerDesignName>
</ColumnProxy>
</columnProxies>
<foreignKeys>
<ForeignKey class="oracle.dbtools.crest.model.design.storage.oracle.v10g.FKProxyOraclev10g" name="ADDCART_FK_ID" id="112E562E-4FE7-67A5-44C5-DF47E5EEEFA5">
<createdBy>gyym9</createdBy>
<createdTime>2020-09-25 01:01:01 UTC</createdTime>
<ownerDesignName>erd</ownerDesignName>
</ForeignKey>
<ForeignKey class="oracle.dbtools.crest.model.design.storage.oracle.v10g.FKProxyOraclev10g" name="ADDCART_FK_PRODUCT" id="2AF5CC24-A7E8-96D9-6988-591BC7028702">
<createdBy>gyym9</createdBy>
<createdTime>2020-09-25 01:01:01 UTC</createdTime>
<ownerDesignName>erd</ownerDesignName>
</ForeignKey>
</foreignKeys>
<primaryKeys>
<PrimaryKey class="oracle.dbtools.crest.model.design.storage.oracle.v10g.PKProxyOraclev10g" name="ADDCART_PK" id="76A95592-EEBA-3E4E-6D8E-2943EEE9CEAE">
<createdBy>gyym9</createdBy>
<createdTime>2020-09-25 01:01:01 UTC</createdTime>
<ownerDesignName>erd</ownerDesignName>
<schemaObject>7BCA4B88-A8DF-086D-0DD1-0AEC15C1F656</schemaObject>
<segment>605C8237-677F-3E43-2660-0168A9C226C1</segment>
<tableSpace>B2EE153C-7CC8-51B3-5DCA-3B4E77BF813E</tableSpace>
<indexSegment>605C8237-677F-3E43-2660-0168A9C226C1</indexSegment>
<indexSort>SORTED</indexSort>
<usingIndex>BY INDEX NAME</usingIndex>
</PrimaryKey>
</primaryKeys>
</TableProxyOraclev11g>