<?xml version = '1.0' encoding = 'UTF-8'?>
<TableProxyOraclev11g class="oracle.dbtools.crest.model.design.storage.oracle.v11g.TableProxyOraclev11g" name="ARTICLE_CATEGORY" directorySegmentName="seg_0" id="8F5918BC-858C-23AC-47C2-2BDEFD5773AB">
<createdBy>gyym9</createdBy>
<createdTime>2020-09-25 01:02:21 UTC</createdTime>
<ownerDesignName>erd</ownerDesignName>
<schemaObject>7BCA4B88-A8DF-086D-0DD1-0AEC15C1F656</schemaObject>
<logging>YES</logging>
<partitionedRowMovement>DISABLE</partitionedRowMovement>
<segment>C3822BCB-8293-CE45-04AA-05A1F4EE2C85</segment>
<tableSpace>B2EE153C-7CC8-51B3-5DCA-3B4E77BF813E</tableSpace>
<temporaryChanged>false</temporaryChanged>
<accessDriverType>oracle_loader</accessDriverType>
<rejectLimit></rejectLimit>
<columnProxies itemClass="oracle.dbtools.crest.model.design.storage.oracle.v12c.ColumnProxyOraclev12c">
<ColumnProxy name="CATEGORY_NO" id="A05C2D37-3D43-2A76-8D30-CBF0E54BD3F2">
<createdBy>gyym9</createdBy>
<createdTime>2020-09-25 01:02:21 UTC</createdTime>
<ownerDesignName>erd</ownerDesignName>
</ColumnProxy>
<ColumnProxy name="CATEGORY_NAME" id="A0F15D79-8F38-1CED-370B-8023501F5773">
<createdBy>gyym9</createdBy>
<createdTime>2020-09-25 01:02:21 UTC</createdTime>
<ownerDesignName>erd</ownerDesignName>
</ColumnProxy>
</columnProxies>
<primaryKeys>
<PrimaryKey class="oracle.dbtools.crest.model.design.storage.oracle.v10g.PKProxyOraclev10g" name="ARTICLE_CATEGORY_PK" id="A54C6F24-6A1A-F751-3386-54C676C96192">
<createdBy>gyym9</createdBy>
<createdTime>2020-09-25 01:02:21 UTC</createdTime>
<ownerDesignName>erd</ownerDesignName>
<schemaObject>7BCA4B88-A8DF-086D-0DD1-0AEC15C1F656</schemaObject>
<segment>605C8237-677F-3E43-2660-0168A9C226C1</segment>
<tableSpace>B2EE153C-7CC8-51B3-5DCA-3B4E77BF813E</tableSpace>
<indexSegment>605C8237-677F-3E43-2660-0168A9C226C1</indexSegment>
<indexSort>SORTED</indexSort>
<usingIndex>BY INDEX NAME</usingIndex>
</PrimaryKey>
</primaryKeys>
</TableProxyOraclev11g>