<?xml version = '1.0' encoding = 'UTF-8'?>
<TableProxyOraclev11g class="oracle.dbtools.crest.model.design.storage.oracle.v11g.TableProxyOraclev11g" name="ORDERLIST" directorySegmentName="seg_0" id="A946D11D-C62D-0B6E-C1A3-6B171A8A8EBE">
<createdBy>gyym9</createdBy>
<createdTime>2020-09-25 01:02:55 UTC</createdTime>
<ownerDesignName>erd</ownerDesignName>
<schemaObject>7BCA4B88-A8DF-086D-0DD1-0AEC15C1F656</schemaObject>
<logging>YES</logging>
<partitionedRowMovement>DISABLE</partitionedRowMovement>
<segment>C3822BCB-8293-CE45-04AA-05A1F4EE2C85</segment>
<tableSpace>B2EE153C-7CC8-51B3-5DCA-3B4E77BF813E</tableSpace>
<temporaryChanged>false</temporaryChanged>
<accessDriverType>oracle_loader</accessDriverType>
<rejectLimit></rejectLimit>
<columnProxies itemClass="oracle.dbtools.crest.model.design.storage.oracle.v12c.ColumnProxyOraclev12c">
<ColumnProxy name="PAY_SEQ" id="19D65796-EF11-D414-8826-2B34880A2248">
<createdBy>gyym9</createdBy>
<createdTime>2020-09-25 01:02:55 UTC</createdTime>
<ownerDesignName>erd</ownerDesignName>
</ColumnProxy>
<ColumnProxy name="RE_COMMENT" id="2450B396-36DD-B87F-7DA3-69B40F0FB7FB">
<createdBy>gyym9</createdBy>
<createdTime>2020-09-25 01:02:55 UTC</createdTime>
<ownerDesignName>erd</ownerDesignName>
</ColumnProxy>
<ColumnProxy name="INDATE" id="28EB45E0-6DD4-EA64-4F96-5D9DEAC42EB7">
<createdBy>gyym9</createdBy>
<createdTime>2020-09-25 01:02:55 UTC</createdTime>
<ownerDesignName>erd</ownerDesignName>
</ColumnProxy>
<ColumnProxy name="ID" id="372C88B5-212A-E241-CB65-117E261A2C39">
<createdBy>gyym9</createdBy>
<createdTime>2020-09-25 01:02:55 UTC</createdTime>
<ownerDesignName>erd</ownerDesignName>
</ColumnProxy>
<ColumnProxy name="ORDER_MAIL" id="55F25480-9B46-5E0B-4AD7-AC20B8C51CD7">
<createdBy>gyym9</createdBy>
<createdTime>2020-09-25 01:02:55 UTC</createdTime>
<ownerDesignName>erd</ownerDesignName>
</ColumnProxy>
<ColumnProxy name="RE_PHONE" id="5D84A991-339E-968B-F4D2-1B9D88923AD9">
<createdBy>gyym9</createdBy>
<createdTime>2020-09-25 01:02:55 UTC</createdTime>
<ownerDesignName>erd</ownerDesignName>
</ColumnProxy>
<ColumnProxy name="ORDER_NAME" id="6F7D5289-903C-8191-82CA-4AC4B00FCEC2">
<createdBy>gyym9</createdBy>
<createdTime>2020-09-25 01:02:55 UTC</createdTime>
<ownerDesignName>erd</ownerDesignName>
</ColumnProxy>
<ColumnProxy name="ORDER_SEQ" id="7F47EA91-4762-FDD9-6C49-2B82C48FB49F">
<createdBy>gyym9</createdBy>
<createdTime>2020-09-25 01:02:55 UTC</createdTime>
<ownerDesignName>erd</ownerDesignName>
</ColumnProxy>
<ColumnProxy name="ORDER_PHONE" id="7FF1CE12-A1CE-21BA-C404-78AF699E217E">
<createdBy>gyym9</createdBy>
<createdTime>2020-09-25 01:02:55 UTC</createdTime>
<ownerDesignName>erd</ownerDesignName>
</ColumnProxy>
<ColumnProxy name="RE_NAME" id="8EA0A135-4467-CC2D-163D-AEA449C4DB7E">
<createdBy>gyym9</createdBy>
<createdTime>2020-09-25 01:02:55 UTC</createdTime>
<ownerDesignName>erd</ownerDesignName>
</ColumnProxy>
<ColumnProxy name="RE_ADDRESS" id="A783DC61-100D-AD68-35CF-2CA12AD1E5C3">
<createdBy>gyym9</createdBy>
<createdTime>2020-09-25 01:02:55 UTC</createdTime>
<ownerDesignName>erd</ownerDesignName>
</ColumnProxy>
</columnProxies>
<foreignKeys>
<ForeignKey class="oracle.dbtools.crest.model.design.storage.oracle.v10g.FKProxyOraclev10g" name="ORDERLIST_FK_ID" id="781ABD0D-0B55-F35E-C871-563B5AEB0C57">
<createdBy>gyym9</createdBy>
<createdTime>2020-09-25 01:02:55 UTC</createdTime>
<ownerDesignName>erd</ownerDesignName>
</ForeignKey>
<ForeignKey class="oracle.dbtools.crest.model.design.storage.oracle.v10g.FKProxyOraclev10g" name="ORDERLIST_FK_PAYMENT" id="985630EC-2D25-BB98-E8B3-FE94CB97CD63">
<createdBy>gyym9</createdBy>
<createdTime>2020-09-25 01:02:55 UTC</createdTime>
<ownerDesignName>erd</ownerDesignName>
</ForeignKey>
</foreignKeys>
<primaryKeys>
<PrimaryKey class="oracle.dbtools.crest.model.design.storage.oracle.v10g.PKProxyOraclev10g" name="ORDERLIST_PK" id="46BFD0CB-2266-7543-9823-1813633C4F61">
<createdBy>gyym9</createdBy>
<createdTime>2020-09-25 01:02:55 UTC</createdTime>
<ownerDesignName>erd</ownerDesignName>
<schemaObject>7BCA4B88-A8DF-086D-0DD1-0AEC15C1F656</schemaObject>
<segment>605C8237-677F-3E43-2660-0168A9C226C1</segment>
<tableSpace>B2EE153C-7CC8-51B3-5DCA-3B4E77BF813E</tableSpace>
<indexSegment>605C8237-677F-3E43-2660-0168A9C226C1</indexSegment>
<indexSort>SORTED</indexSort>
<usingIndex>BY INDEX NAME</usingIndex>
</PrimaryKey>
</primaryKeys>
</TableProxyOraclev11g>