<?xml version = '1.0' encoding = 'UTF-8'?>
<TableProxyOraclev11g class="oracle.dbtools.crest.model.design.storage.oracle.v11g.TableProxyOraclev11g" name="ADDPAYMENT" directorySegmentName="seg_0" id="C21A4630-71E9-98D1-55D4-215D1B8382B6">
<createdBy>gyym9</createdBy>
<createdTime>2020-09-25 01:01:21 UTC</createdTime>
<ownerDesignName>erd</ownerDesignName>
<schemaObject>7BCA4B88-A8DF-086D-0DD1-0AEC15C1F656</schemaObject>
<logging>YES</logging>
<partitionedRowMovement>DISABLE</partitionedRowMovement>
<segment>C3822BCB-8293-CE45-04AA-05A1F4EE2C85</segment>
<tableSpace>B2EE153C-7CC8-51B3-5DCA-3B4E77BF813E</tableSpace>
<temporaryChanged>false</temporaryChanged>
<accessDriverType>oracle_loader</accessDriverType>
<rejectLimit></rejectLimit>
<columnProxies itemClass="oracle.dbtools.crest.model.design.storage.oracle.v12c.ColumnProxyOraclev12c">
<ColumnProxy name="CONTENT" id="035A3A40-FC5D-2992-BEBD-ECE7B74D78B7">
<createdBy>gyym9</createdBy>
<createdTime>2020-09-25 01:01:21 UTC</createdTime>
<ownerDesignName>erd</ownerDesignName>
</ColumnProxy>
<ColumnProxy name="NAME" id="3E0BB1C2-F987-4394-975D-4D2CB0CB44AD">
<createdBy>gyym9</createdBy>
<createdTime>2020-09-25 01:01:21 UTC</createdTime>
<ownerDesignName>erd</ownerDesignName>
</ColumnProxy>
<ColumnProxy name="PRICE" id="54B495A9-DECC-D95D-8FD9-859A33FAFEA5">
<createdBy>gyym9</createdBy>
<createdTime>2020-09-25 01:01:21 UTC</createdTime>
<ownerDesignName>erd</ownerDesignName>
</ColumnProxy>
<ColumnProxy name="PSEQ" id="5CA9AE3A-6507-C49D-3E90-4F36296F08BC">
<createdBy>gyym9</createdBy>
<createdTime>2020-09-25 01:01:21 UTC</createdTime>
<ownerDesignName>erd</ownerDesignName>
</ColumnProxy>
<ColumnProxy name="IMAGE" id="628372E5-1252-9657-2420-34622C1335EB">
<createdBy>gyym9</createdBy>
<createdTime>2020-09-25 01:01:21 UTC</createdTime>
<ownerDesignName>erd</ownerDesignName>
</ColumnProxy>
<ColumnProxy name="COUNT" id="68F5679A-AD22-80B8-85D7-EAE5BC5EEA64">
<createdBy>gyym9</createdBy>
<createdTime>2020-09-25 01:01:21 UTC</createdTime>
<ownerDesignName>erd</ownerDesignName>
</ColumnProxy>
<ColumnProxy name="PAY_SEQ" id="84359783-4EE3-1E25-3396-5FFFCFBB3BA0">
<createdBy>gyym9</createdBy>
<createdTime>2020-09-25 01:01:21 UTC</createdTime>
<ownerDesignName>erd</ownerDesignName>
</ColumnProxy>
<ColumnProxy name="ID" id="C958451D-81C6-9A76-078F-C88EFDBBA032">
<createdBy>gyym9</createdBy>
<createdTime>2020-09-25 01:01:21 UTC</createdTime>
<ownerDesignName>erd</ownerDesignName>
<defaultValue>&apos;NULL&apos;</defaultValue>
</ColumnProxy>
</columnProxies>
<foreignKeys>
<ForeignKey class="oracle.dbtools.crest.model.design.storage.oracle.v10g.FKProxyOraclev10g" name="ADDPAYMENT_FK_PRODUCT" id="4AB1A419-6738-362E-5AA8-4C963EB37167">
<createdBy>gyym9</createdBy>
<createdTime>2020-09-25 01:01:21 UTC</createdTime>
<ownerDesignName>erd</ownerDesignName>
</ForeignKey>
<ForeignKey class="oracle.dbtools.crest.model.design.storage.oracle.v10g.FKProxyOraclev10g" name="ADDPAYMENT_FK_ID" id="C8582CA7-AA68-3D68-80CD-34B3F4C6870D">
<createdBy>gyym9</createdBy>
<createdTime>2020-09-25 01:01:21 UTC</createdTime>
<ownerDesignName>erd</ownerDesignName>
</ForeignKey>
</foreignKeys>
<primaryKeys>
<PrimaryKey class="oracle.dbtools.crest.model.design.storage.oracle.v10g.PKProxyOraclev10g" name="ADDPAYMENT_PK" id="8FB5BDE3-47B7-8115-4DD0-A741495DE266">
<createdBy>gyym9</createdBy>
<createdTime>2020-09-25 01:01:21 UTC</createdTime>
<ownerDesignName>erd</ownerDesignName>
<schemaObject>7BCA4B88-A8DF-086D-0DD1-0AEC15C1F656</schemaObject>
<segment>605C8237-677F-3E43-2660-0168A9C226C1</segment>
<tableSpace>B2EE153C-7CC8-51B3-5DCA-3B4E77BF813E</tableSpace>
<indexSegment>605C8237-677F-3E43-2660-0168A9C226C1</indexSegment>
<indexSort>SORTED</indexSort>
<usingIndex>BY INDEX NAME</usingIndex>
</PrimaryKey>
</primaryKeys>
</TableProxyOraclev11g>