<?xml version = '1.0' encoding = 'UTF-8'?>
<TableProxyOraclev11g class="oracle.dbtools.crest.model.design.storage.oracle.v11g.TableProxyOraclev11g" name="PRODUCT" directorySegmentName="seg_0" id="EE976658-04CF-24D7-BDC4-9D716ACAB046">
<createdBy>gyym9</createdBy>
<createdTime>2020-09-25 01:03:07 UTC</createdTime>
<ownerDesignName>erd</ownerDesignName>
<schemaObject>7BCA4B88-A8DF-086D-0DD1-0AEC15C1F656</schemaObject>
<logging>YES</logging>
<partitionedRowMovement>DISABLE</partitionedRowMovement>
<segment>C3822BCB-8293-CE45-04AA-05A1F4EE2C85</segment>
<tableSpace>B2EE153C-7CC8-51B3-5DCA-3B4E77BF813E</tableSpace>
<temporaryChanged>false</temporaryChanged>
<accessDriverType>oracle_loader</accessDriverType>
<rejectLimit></rejectLimit>
<columnProxies itemClass="oracle.dbtools.crest.model.design.storage.oracle.v12c.ColumnProxyOraclev12c">
<ColumnProxy name="PRICE" id="442535A2-C71F-2840-C355-9F32706CFBFF">
<createdBy>gyym9</createdBy>
<createdTime>2020-09-25 01:03:07 UTC</createdTime>
<ownerDesignName>erd</ownerDesignName>
</ColumnProxy>
<ColumnProxy name="INDATE" id="50E4D4A9-A1AE-9398-2B33-AF64685A426D">
<createdBy>gyym9</createdBy>
<createdTime>2020-09-25 01:03:07 UTC</createdTime>
<ownerDesignName>erd</ownerDesignName>
<defaultValue>SYSDATE</defaultValue>
</ColumnProxy>
<ColumnProxy name="DETAIL" id="7681E55B-5A67-0AE7-B87A-4F2BC8AB2360">
<createdBy>gyym9</createdBy>
<createdTime>2020-09-25 01:03:07 UTC</createdTime>
<ownerDesignName>erd</ownerDesignName>
</ColumnProxy>
<ColumnProxy name="NAME" id="7E66D224-BEA4-8EC0-74BE-8F691581B077">
<createdBy>gyym9</createdBy>
<createdTime>2020-09-25 01:03:07 UTC</createdTime>
<ownerDesignName>erd</ownerDesignName>
</ColumnProxy>
<ColumnProxy name="PSEQ" id="8DFF37FC-179D-0CB8-063E-F7E1355D923F">
<createdBy>gyym9</createdBy>
<createdTime>2020-09-25 01:03:07 UTC</createdTime>
<ownerDesignName>erd</ownerDesignName>
</ColumnProxy>
<ColumnProxy name="IMAGE" id="974A499C-8B8A-0149-8F93-5E38774D690B">
<createdBy>gyym9</createdBy>
<createdTime>2020-09-25 01:03:07 UTC</createdTime>
<ownerDesignName>erd</ownerDesignName>
</ColumnProxy>
<ColumnProxy name="CONTENT" id="C002E576-579D-87DA-746D-F418B3B96A07">
<createdBy>gyym9</createdBy>
<createdTime>2020-09-25 01:03:07 UTC</createdTime>
<ownerDesignName>erd</ownerDesignName>
</ColumnProxy>
</columnProxies>
<primaryKeys>
<PrimaryKey class="oracle.dbtools.crest.model.design.storage.oracle.v10g.PKProxyOraclev10g" name="PRODUCT_PK" id="F3B6F1AB-49D8-A9B0-776C-38DD1D0286C2">
<createdBy>gyym9</createdBy>
<createdTime>2020-09-25 01:03:07 UTC</createdTime>
<ownerDesignName>erd</ownerDesignName>
<schemaObject>7BCA4B88-A8DF-086D-0DD1-0AEC15C1F656</schemaObject>
<segment>605C8237-677F-3E43-2660-0168A9C226C1</segment>
<tableSpace>B2EE153C-7CC8-51B3-5DCA-3B4E77BF813E</tableSpace>
<indexSegment>605C8237-677F-3E43-2660-0168A9C226C1</indexSegment>
<indexSort>SORTED</indexSort>
<usingIndex>BY INDEX NAME</usingIndex>
</PrimaryKey>
</primaryKeys>
</TableProxyOraclev11g>