<?xml version = '1.0' encoding = 'UTF-8'?>
<TableProxyOraclev11g class="oracle.dbtools.crest.model.design.storage.oracle.v11g.TableProxyOraclev11g" name="NOTICE" directorySegmentName="seg_0" id="F4154AB1-D5F7-11C5-89A2-FF7A573D119A">
<createdBy>gyym9</createdBy>
<createdTime>2020-09-25 01:02:48 UTC</createdTime>
<ownerDesignName>erd</ownerDesignName>
<schemaObject>7BCA4B88-A8DF-086D-0DD1-0AEC15C1F656</schemaObject>
<logging>YES</logging>
<partitionedRowMovement>DISABLE</partitionedRowMovement>
<segment>C3822BCB-8293-CE45-04AA-05A1F4EE2C85</segment>
<tableSpace>B2EE153C-7CC8-51B3-5DCA-3B4E77BF813E</tableSpace>
<temporaryChanged>false</temporaryChanged>
<accessDriverType>oracle_loader</accessDriverType>
<rejectLimit></rejectLimit>
<columnProxies itemClass="oracle.dbtools.crest.model.design.storage.oracle.v12c.ColumnProxyOraclev12c">
<ColumnProxy name="HIT" id="2D1B7257-8A67-1793-0845-05DC464EF3A7">
<createdBy>gyym9</createdBy>
<createdTime>2020-09-25 01:02:48 UTC</createdTime>
<ownerDesignName>erd</ownerDesignName>
<defaultValue>0   --조회수</defaultValue>
</ColumnProxy>
<ColumnProxy name="NSEQ" id="3C99C465-20AA-5791-7D98-6C6A66DFA2F3">
<createdBy>gyym9</createdBy>
<createdTime>2020-09-25 01:02:48 UTC</createdTime>
<ownerDesignName>erd</ownerDesignName>
</ColumnProxy>
<ColumnProxy name="CONTENT" id="449C963F-90E7-C565-21C5-B44635F794CD">
<createdBy>gyym9</createdBy>
<createdTime>2020-09-25 01:02:48 UTC</createdTime>
<ownerDesignName>erd</ownerDesignName>
</ColumnProxy>
<ColumnProxy name="INDATE" id="7D8C3B85-C02A-1D8B-C850-B8B3CE787E07">
<createdBy>gyym9</createdBy>
<createdTime>2020-09-25 01:02:48 UTC</createdTime>
<ownerDesignName>erd</ownerDesignName>
<defaultValue>SYSDATE</defaultValue>
</ColumnProxy>
<ColumnProxy name="ID" id="A9C29D5A-E5DD-1DCA-DCFB-4EC86E9F0C90">
<createdBy>gyym9</createdBy>
<createdTime>2020-09-25 01:02:48 UTC</createdTime>
<ownerDesignName>erd</ownerDesignName>
</ColumnProxy>
<ColumnProxy name="SUBJECT" id="EB83E107-8793-EA02-464A-2BF5368BFEDA">
<createdBy>gyym9</createdBy>
<createdTime>2020-09-25 01:02:48 UTC</createdTime>
<ownerDesignName>erd</ownerDesignName>
</ColumnProxy>
</columnProxies>
<primaryKeys>
<PrimaryKey class="oracle.dbtools.crest.model.design.storage.oracle.v10g.PKProxyOraclev10g" name="NOTICE_PK" id="F4282FA3-F087-A092-CB90-7BDB473018F4">
<createdBy>gyym9</createdBy>
<createdTime>2020-09-25 01:02:48 UTC</createdTime>
<ownerDesignName>erd</ownerDesignName>
<schemaObject>7BCA4B88-A8DF-086D-0DD1-0AEC15C1F656</schemaObject>
<segment>605C8237-677F-3E43-2660-0168A9C226C1</segment>
<tableSpace>B2EE153C-7CC8-51B3-5DCA-3B4E77BF813E</tableSpace>
<indexSegment>605C8237-677F-3E43-2660-0168A9C226C1</indexSegment>
<indexSort>SORTED</indexSort>
<usingIndex>BY INDEX NAME</usingIndex>
</PrimaryKey>
</primaryKeys>
</TableProxyOraclev11g>