<?xml version = '1.0' encoding = 'UTF-8'?>
<SegmentOraclev10g class="oracle.dbtools.crest.model.design.storage.oracle.v10g.SegmentOraclev10g" name="Storage2" directorySegmentName="seg_0" id="C3822BCB-8293-CE45-04AA-05A1F4EE2C85">
<createdBy>gyym9</createdBy>
<createdTime>2020-09-25 01:01:00 UTC</createdTime>
<ownerDesignName>erd</ownerDesignName>
<maxTrans>255</maxTrans>
<scInitialExtent>65536</scInitialExtent>
<scMaxExtents>2147483645</scMaxExtents>
<scNextExtent>1048576</scNextExtent>
</SegmentOraclev10g>