<?xml version = '1.0' encoding = 'UTF-8'?>
<UserOraclev10g class="oracle.dbtools.crest.model.design.storage.oracle.v10g.UserOraclev10g" name="GD25TH06" directorySegmentName="seg_0" id="A2ABA797-5BA1-F280-BEAE-50440622E87B">
<sourceConnName>Voguekorea</sourceConnName>
<sourceObjName>GD25TH06</sourceObjName>
<createdBy>gyym9</createdBy>
<createdTime>2020-09-25 01:00:59 UTC</createdTime>
<ownerDesignName>erd</ownerDesignName>
<schemaObject>7BCA4B88-A8DF-086D-0DD1-0AEC15C1F656</schemaObject>
<defTableSpace>B2EE153C-7CC8-51B3-5DCA-3B4E77BF813E</defTableSpace>
<privileges>UNLIMITED TABLESPACE</privileges>
</UserOraclev10g>