<?xml version = '1.0' encoding = 'UTF-8'?>
<TableSpaceOraclev10g class="oracle.dbtools.crest.model.design.storage.oracle.v10g.TableSpaceOraclev10g" name="SYSTEM" directorySegmentName="seg_0" id="B2EE153C-7CC8-51B3-5DCA-3B4E77BF813E">
<sourceConnName>Voguekorea</sourceConnName>
<sourceObjSchema>GD25TH06</sourceObjSchema>
<sourceObjName>SYSTEM</sourceObjName>
<createdBy>gyym9</createdBy>
<createdTime>2020-09-25 01:01:00 UTC</createdTime>
<ownerDesignName>erd</ownerDesignName>
<emUniformSize>0</emUniformSize>
<extentManagement>LOCAL</extentManagement>
</TableSpaceOraclev10g>