<?xml version = '1.0' encoding = 'UTF-8'?>
<FKIndexAssociation class="oracle.dbtools.crest.model.design.relational.FKIndexAssociation" directorySegmentName="seg_0" id="12ADA028-030A-4C5B-98F8-7EE983EDB47E" containerWithKeyObject="86D3F093-6D25-D1B6-2389-EE0C38001E87" localFKIndex="2AF5CC24-A7E8-96D9-6988-591BC7028702" name="ADDCART_FK_PRODUCT">
<sourceConnName>Voguekorea</sourceConnName>
<sourceObjSchema>GD25TH06</sourceObjSchema>
<sourceObjName>ADDCART_FK_PRODUCT</sourceObjName>
<createdBy>gyym9</createdBy>
<createdTime>2020-09-25 01:01:01 UTC</createdTime>
<ownerDesignName>erd</ownerDesignName>
<referredTableLongName>GD25TH06.PRODUCT</referredTableLongName>
<deleteRule>NO ACTION</deleteRule>
<referredTableID>EE976658-04CF-24D7-BDC4-9D716ACAB046</referredTableID>
<keyObject>F3B6F1AB-49D8-A9B0-776C-38DD1D0286C2</keyObject>
<referredKeyID>F3B6F1AB-49D8-A9B0-776C-38DD1D0286C2</referredKeyID>
<mandatory>true</mandatory>
<refColNames>PSEQ</refColNames>
<transferable>true</transferable>
<rely>false</rely>
<columnDependencyConstraintGenerateInDDL>true</columnDependencyConstraintGenerateInDDL>
</FKIndexAssociation>