<?xml version = '1.0' encoding = 'UTF-8'?>
<FKIndexAssociation class="oracle.dbtools.crest.model.design.relational.FKIndexAssociation" directorySegmentName="seg_0" id="1D593753-E114-4926-65FD-2D950E1F12D4" containerWithKeyObject="A946D11D-C62D-0B6E-C1A3-6B171A8A8EBE" localFKIndex="985630EC-2D25-BB98-E8B3-FE94CB97CD63" name="ORDERLIST_FK_PAYMENT">
<sourceConnName>Voguekorea</sourceConnName>
<sourceObjSchema>GD25TH06</sourceObjSchema>
<sourceObjName>ORDERLIST_FK_PAYMENT</sourceObjName>
<createdBy>gyym9</createdBy>
<createdTime>2020-09-25 01:02:55 UTC</createdTime>
<ownerDesignName>erd</ownerDesignName>
<referredTableLongName>GD25TH06.ADDPAYMENT</referredTableLongName>
<deleteRule>CASCADE</deleteRule>
<referredTableID>C21A4630-71E9-98D1-55D4-215D1B8382B6</referredTableID>
<keyObject>8FB5BDE3-47B7-8115-4DD0-A741495DE266</keyObject>
<referredKeyID>8FB5BDE3-47B7-8115-4DD0-A741495DE266</referredKeyID>
<mandatory>false</mandatory>
<refColNames>PAY_SEQ</refColNames>
<transferable>true</transferable>
<rely>false</rely>
<columnDependencyConstraintGenerateInDDL>true</columnDependencyConstraintGenerateInDDL>
</FKIndexAssociation>