<?xml version = '1.0' encoding = 'UTF-8'?>
<FKIndexAssociation class="oracle.dbtools.crest.model.design.relational.FKIndexAssociation" directorySegmentName="seg_0" id="89675178-902A-853F-9D06-0EEA3D9805A6" containerWithKeyObject="C21A4630-71E9-98D1-55D4-215D1B8382B6" localFKIndex="C8582CA7-AA68-3D68-80CD-34B3F4C6870D" name="ADDPAYMENT_FK_ID">
<sourceConnName>Voguekorea</sourceConnName>
<sourceObjSchema>GD25TH06</sourceObjSchema>
<sourceObjName>ADDPAYMENT_FK_ID</sourceObjName>
<createdBy>gyym9</createdBy>
<createdTime>2020-09-25 01:01:21 UTC</createdTime>
<ownerDesignName>erd</ownerDesignName>
<referredTableLongName>GD25TH06.MEMBER</referredTableLongName>
<deleteRule>NO ACTION</deleteRule>
<referredTableID>3299F019-49DF-E572-B514-1DDAF9E4E1A7</referredTableID>
<keyObject>2E2F6643-3D1F-7BF9-F087-A7E817EFE15C</keyObject>
<referredKeyID>2E2F6643-3D1F-7BF9-F087-A7E817EFE15C</referredKeyID>
<mandatory>false</mandatory>
<refColNames>ID</refColNames>
<transferable>true</transferable>
<rely>false</rely>
<columnDependencyConstraintGenerateInDDL>true</columnDependencyConstraintGenerateInDDL>
</FKIndexAssociation>