<?xml version = '1.0' encoding = 'UTF-8'?>
<FKIndexAssociation class="oracle.dbtools.crest.model.design.relational.FKIndexAssociation" directorySegmentName="seg_0" id="92B851C0-62E4-B7E4-B15C-A83E75743248" containerWithKeyObject="662DA1D2-FAC5-68D7-DCCB-A30E132B73D6" localFKIndex="BE0606D9-5402-F9B6-71F6-8F17534FEB23" name="ARTICLE_FK">
<sourceConnName>Voguekorea</sourceConnName>
<sourceObjSchema>GD25TH06</sourceObjSchema>
<sourceObjName>ARTICLE_FK</sourceObjName>
<createdBy>gyym9</createdBy>
<createdTime>2020-09-25 01:02:14 UTC</createdTime>
<ownerDesignName>erd</ownerDesignName>
<referredTableLongName>GD25TH06.ARTICLE_CATEGORY</referredTableLongName>
<deleteRule>NO ACTION</deleteRule>
<referredTableID>8F5918BC-858C-23AC-47C2-2BDEFD5773AB</referredTableID>
<keyObject>A54C6F24-6A1A-F751-3386-54C676C96192</keyObject>
<referredKeyID>A54C6F24-6A1A-F751-3386-54C676C96192</referredKeyID>
<mandatory>true</mandatory>
<refColNames>CATEGORY_NO</refColNames>
<transferable>true</transferable>
<rely>false</rely>
<columnDependencyConstraintGenerateInDDL>true</columnDependencyConstraintGenerateInDDL>
</FKIndexAssociation>