<?xml version = '1.0' encoding = 'UTF-8'?>
<FKIndexAssociation class="oracle.dbtools.crest.model.design.relational.FKIndexAssociation" directorySegmentName="seg_0" id="94D94458-4C3E-F509-A2BE-851E5A28B326" containerWithKeyObject="C21A4630-71E9-98D1-55D4-215D1B8382B6" localFKIndex="4AB1A419-6738-362E-5AA8-4C963EB37167" name="ADDPAYMENT_FK_PRODUCT">
<sourceConnName>Voguekorea</sourceConnName>
<sourceObjSchema>GD25TH06</sourceObjSchema>
<sourceObjName>ADDPAYMENT_FK_PRODUCT</sourceObjName>
<createdBy>gyym9</createdBy>
<createdTime>2020-09-25 01:01:21 UTC</createdTime>
<ownerDesignName>erd</ownerDesignName>
<referredTableLongName>GD25TH06.PRODUCT</referredTableLongName>
<deleteRule>NO ACTION</deleteRule>
<referredTableID>EE976658-04CF-24D7-BDC4-9D716ACAB046</referredTableID>
<keyObject>F3B6F1AB-49D8-A9B0-776C-38DD1D0286C2</keyObject>
<referredKeyID>F3B6F1AB-49D8-A9B0-776C-38DD1D0286C2</referredKeyID>
<mandatory>true</mandatory>
<refColNames>PSEQ</refColNames>
<transferable>true</transferable>
<rely>false</rely>
<columnDependencyConstraintGenerateInDDL>true</columnDependencyConstraintGenerateInDDL>
</FKIndexAssociation>