<?xml version = '1.0' encoding = 'UTF-8'?>
<FKIndexAssociation class="oracle.dbtools.crest.model.design.relational.FKIndexAssociation" directorySegmentName="seg_0" id="C67A1017-7B04-182B-46A7-F3C774A3418C" containerWithKeyObject="86D3F093-6D25-D1B6-2389-EE0C38001E87" localFKIndex="112E562E-4FE7-67A5-44C5-DF47E5EEEFA5" name="ADDCART_FK_ID">
<sourceConnName>Voguekorea</sourceConnName>
<sourceObjSchema>GD25TH06</sourceObjSchema>
<sourceObjName>ADDCART_FK_ID</sourceObjName>
<createdBy>gyym9</createdBy>
<createdTime>2020-09-25 01:01:01 UTC</createdTime>
<ownerDesignName>erd</ownerDesignName>
<referredTableLongName>GD25TH06.MEMBER</referredTableLongName>
<deleteRule>CASCADE</deleteRule>
<referredTableID>3299F019-49DF-E572-B514-1DDAF9E4E1A7</referredTableID>
<keyObject>2E2F6643-3D1F-7BF9-F087-A7E817EFE15C</keyObject>
<referredKeyID>2E2F6643-3D1F-7BF9-F087-A7E817EFE15C</referredKeyID>
<mandatory>false</mandatory>
<refColNames>ID</refColNames>
<transferable>true</transferable>
<rely>false</rely>
<columnDependencyConstraintGenerateInDDL>true</columnDependencyConstraintGenerateInDDL>
</FKIndexAssociation>