<?xml version = '1.0' encoding = 'UTF-8'?>
<FKIndexAssociation class="oracle.dbtools.crest.model.design.relational.FKIndexAssociation" directorySegmentName="seg_0" id="F63F97FF-A4BF-BA68-F3D5-59B3B98F8F29" containerWithKeyObject="A946D11D-C62D-0B6E-C1A3-6B171A8A8EBE" localFKIndex="781ABD0D-0B55-F35E-C871-563B5AEB0C57" name="ORDERLIST_FK_ID">
<sourceConnName>Voguekorea</sourceConnName>
<sourceObjSchema>GD25TH06</sourceObjSchema>
<sourceObjName>ORDERLIST_FK_ID</sourceObjName>
<createdBy>gyym9</createdBy>
<createdTime>2020-09-25 01:02:55 UTC</createdTime>
<ownerDesignName>erd</ownerDesignName>
<referredTableLongName>GD25TH06.MEMBER</referredTableLongName>
<deleteRule>CASCADE</deleteRule>
<referredTableID>3299F019-49DF-E572-B514-1DDAF9E4E1A7</referredTableID>
<keyObject>2E2F6643-3D1F-7BF9-F087-A7E817EFE15C</keyObject>
<referredKeyID>2E2F6643-3D1F-7BF9-F087-A7E817EFE15C</referredKeyID>
<mandatory>false</mandatory>
<refColNames>ID</refColNames>
<transferable>true</transferable>
<rely>false</rely>
<columnDependencyConstraintGenerateInDDL>true</columnDependencyConstraintGenerateInDDL>
</FKIndexAssociation>